Date,P1,P2,P3,P4,P5,P6,U1,U2,U3,U4,U5,U6,Sesion
"06/20/2022, 12:37:33",963,863,967,1003,975,974,22,15,26,29,1,10,1
"06/20/2022, 12:37:43",964,863,968,1004,974,973,4,26,21,18,1,3,1
"06/20/2022, 12:37:53",964,866,970,1006,974,975,6,17,18,7,4,8,1
"06/20/2022, 12:38:03",962,865,969,1006,974,971,12,6,24,20,10,1,1
"06/20/2022, 12:38:13",966,868,970,1004,974,973,27,23,30,19,7,5,1
"06/20/2022, 12:38:23",965,866,969,1004,974,973,20,30,14,1,6,10,1
"06/20/2022, 12:38:33",963,860,969,1003,976,973,0,23,1,2,1,7,1
"06/20/2022, 12:38:43",963,860,969,1003,975,973,0,24,0,0,1,2,1
"06/20/2022, 12:38:53",963,860,968,1004,975,973,1,24,2,2,1,2,1
"06/20/2022, 12:39:03",964,859,969,1003,975,973,0,15,1,2,0,3,1
"06/20/2022, 12:39:13",965,856,978,1006,973,969,3,30,3,1,3,9,1
"06/20/2022, 12:39:23",966,857,977,1006,974,969,0,19,2,0,2,2,1
"06/20/2022, 12:39:33",965,857,977,1006,974,969,2,11,1,1,1,8,1
"06/20/2022, 12:39:43",965,857,977,1006,974,969,2,30,0,2,1,2,1
"06/20/2022, 12:39:53",966,856,977,1006,973,969,0,22,0,0,0,5,1
"06/20/2022, 12:40:03",965,856,977,1006,973,969,2,0,0,2,3,6,1
"06/20/2022, 12:40:13",967,857,978,1006,973,969,1,2,1,3,1,6,1
"06/20/2022, 12:40:23",966,849,982,1006,972,969,2,2,2,2,1,8,1
"06/20/2022, 12:40:33",966,849,982,1006,972,969,3,1,3,3,0,5,1
"06/20/2022, 12:40:43",967,850,981,1006,974,969,1,0,3,2,0,6,1
"06/20/2022, 12:40:53",968,856,982,1006,974,969,0,2,0,2,1,10,1
"06/20/2022, 12:41:03",966,855,981,1006,974,969,1,3,2,3,1,9,1
"06/20/2022, 12:41:13",966,854,982,1007,974,971,3,1,3,3,2,8,1
"06/20/2022, 12:41:23",967,853,982,1006,974,970,1,1,3,3,1,7,1
"06/20/2022, 12:41:33",969,848,972,998,968,960,1,3,2,3,1,5,1
"06/20/2022, 12:41:43",969,848,974,998,970,962,3,1,2,0,0,3,1
"06/20/2022, 12:41:53",968,848,975,998,970,962,3,0,1,3,0,8,1
"06/20/2022, 12:42:03",970,851,975,999,971,962,1,0,3,3,2,5,1
"06/20/2022, 12:42:13",969,855,974,999,969,963,2,2,3,2,0,5,1
"06/20/2022, 12:42:23",968,858,985,1007,971,968,0,2,2,2,3,0,1
"06/20/2022, 12:42:33",966,852,983,1007,972,968,1,2,3,0,2,6,1
"06/20/2022, 12:42:43",967,853,983,1005,973,969,0,1,0,0,3,10,1
"06/20/2022, 12:42:53",966,852,983,1005,974,969,27,25,15,23,6,7,1
"06/20/2022, 12:43:03",966,853,982,1005,974,969,22,12,9,15,9,2,1
"06/20/2022, 12:43:13",966,853,983,1005,974,969,23,8,1,22,2,6,1
"06/20/2022, 12:43:23",966,853,983,1006,974,969,23,12,20,8,9,10,1
"06/20/2022, 12:43:33",966,852,983,1005,974,970,9,5,14,7,0,0,1
"06/20/2022, 12:43:43",966,852,983,1006,974,969,3,1,0,2,2,0,1
"06/20/2022, 12:43:53",966,851,983,1006,974,970,3,1,3,3,0,6,1
"06/20/2022, 12:44:03",964,837,973,1002,977,973,2,2,0,0,3,0,1
"06/20/2022, 12:44:13",964,837,973,1002,977,973,0,3,1,3,2,10,1
"06/20/2022, 12:44:23",969,842,973,997,969,963,1,3,0,3,0,9,1
"06/20/2022, 12:44:33",969,851,972,1000,969,965,22,24,19,23,8,0,1
"06/20/2022, 12:44:43",969,849,972,998,969,964,0,29,26,1,2,6,1
"06/20/2022, 12:44:53",969,849,973,999,970,964,18,18,20,24,3,8,1
"06/20/2022, 12:45:03",966,856,982,1007,965,963,20,28,28,8,6,2,1
"06/20/2022, 12:45:13",968,857,982,1007,966,964,10,8,25,8,7,5,1
"06/20/2022, 12:45:23",968,856,983,1007,967,964,28,19,14,16,6,8,1
"06/20/2022, 12:45:33",961,836,965,1002,970,965,0,3,3,1,1,7,1
"06/20/2022, 12:45:43",961,836,966,1002,971,965,1,1,0,2,0,4,1
"06/20/2022, 12:45:53",961,837,966,1002,972,966,8,4,14,4,4,10,1
"06/20/2022, 12:46:03",955,839,976,1007,973,970,0,2,13,6,2,0,1
"06/20/2022, 12:46:13",969,846,983,1006,966,961,10,7,30,27,6,10,1
"06/20/2022, 12:46:23",954,847,987,1006,973,946,16,8,7,10,5,9,1
"06/20/2022, 12:46:33",965,854,985,1005,970,951,0,8,25,1,3,1,1
"06/20/2022, 12:46:43",966,857,986,1005,969,952,3,4,21,3,0,0,1
"06/20/2022, 12:46:53",965,855,985,1006,970,954,2,7,2,3,2,6,1
"06/20/2022, 12:47:03",969,860,987,1006,970,954,0,14,7,2,0,4,1
"06/20/2022, 12:47:13",968,860,986,1006,970,955,3,14,9,2,3,9,1
"06/20/2022, 12:47:23",968,859,986,1006,970,954,2,0,20,1,3,0,1
"06/20/2022, 12:47:33",963,855,967,1004,970,968,2,20,29,2,3,9,1
"06/20/2022, 12:47:43",962,858,966,1004,970,969,3,9,13,2,1,0,1
"06/20/2022, 12:47:53",963,855,967,1003,970,968,0,22,6,1,1,10,1
"06/20/2022, 12:48:03",962,853,966,1004,970,969,2,1,2,2,2,2,1
"06/20/2022, 12:48:13",966,860,969,1004,970,969,2,1,1,0,2,2,1
"06/20/2022, 12:48:23",971,863,975,1005,973,969,3,2,3,0,1,5,1
"06/20/2022, 12:48:33",964,867,966,1007,966,973,3,1,0,0,0,1,1
"06/20/2022, 12:48:43",963,860,967,1005,970,970,3,3,0,0,1,9,1
"06/20/2022, 12:48:53",962,863,979,1008,969,971,3,0,1,1,0,7,1
"06/20/2022, 12:49:03",968,871,975,1010,966,971,1,1,3,3,3,8,1
"06/20/2022, 12:49:13",971,872,986,1007,971,972,0,0,0,1,1,4,1
"06/20/2022, 12:49:23",969,856,987,1005,972,966,0,1,3,3,1,9,1
"06/20/2022, 12:49:33",973,862,986,1005,970,962,1,28,3,25,10,8,1
"06/20/2022, 12:49:43",947,875,983,1009,968,977,24,0,19,15,0,2,1
"06/20/2022, 12:49:53",958,879,987,1007,976,958,19,14,7,14,10,0,1
"06/20/2022, 12:50:03",966,880,975,1000,966,962,10,5,13,8,10,1,1
"06/20/2022, 12:50:14",965,880,977,1001,967,963,8,2,27,13,6,2,1
"06/20/2022, 12:50:24",963,879,975,1002,967,963,0,28,12,6,4,0,1
"06/20/2022, 12:50:34",964,881,974,1002,966,965,1,21,29,27,2,0,1
"06/20/2022, 12:50:44",963,880,974,1002,966,965,30,20,1,8,3,8,1
"06/20/2022, 12:50:54",962,884,974,1003,963,967,3,17,3,6,8,5,1
"06/20/2022, 12:51:04",964,877,977,1001,969,963,25,9,0,2,5,6,1
"06/20/2022, 12:51:14",963,877,977,1001,969,964,22,5,3,8,3,2,1
"06/20/2022, 12:51:24",961,879,980,1010,968,965,11,20,5,6,8,8,1
"06/20/2022, 12:51:34",961,878,982,1010,971,966,23,2,8,3,6,3,1
"06/20/2022, 12:51:44",960,871,980,1009,978,969,11,18,1,3,7,9,1
"06/20/2022, 12:51:54",960,870,981,1009,978,969,17,13,2,1,4,6,1
"06/20/2022, 12:52:04",967,869,989,1009,981,958,1,25,4,1,2,8,1
"06/20/2022, 12:52:14",969,870,978,998,977,962,30,28,1,8,2,10,1
"06/20/2022, 12:52:24",967,871,980,1000,977,965,4,28,7,6,2,10,1
"06/20/2022, 12:52:34",967,870,979,1001,977,968,0,5,1,1,1,2,1
"06/20/2022, 12:52:44",967,871,979,1002,977,968,1,0,3,1,1,6,1
"06/20/2022, 12:52:54",967,871,979,1002,977,968,2,3,4,1,2,3,1
"06/20/2022, 12:53:04",967,872,978,1002,977,969,3,1,0,4,0,3,1
"06/20/2022, 12:53:14",961,859,988,1009,983,970,1,5,1,5,5,5,1
"06/20/2022, 12:53:24",953,866,978,1010,975,968,1,4,2,1,3,7,1
"06/20/2022, 12:53:34",954,868,978,1010,976,969,1,1,4,3,0,6,1
"06/20/2022, 12:53:44",966,882,983,1010,967,959,1,5,3,3,2,1,1
"06/20/2022, 12:53:54",966,881,983,1010,968,960,1,3,0,4,2,5,1
"06/20/2022, 12:54:04",966,877,981,1010,971,964,4,3,0,1,0,10,1
"06/20/2022, 12:54:14",967,882,984,1010,967,961,0,1,0,0,2,10,1
"06/20/2022, 12:54:24",964,877,979,1011,969,965,1,3,2,5,5,0,1
"06/20/2022, 12:54:34",953,876,981,1011,971,967,12,27,3,11,8,8,1
"06/20/2022, 12:54:44",960,879,975,1005,975,973,15,1,15,26,8,9,1
"06/20/2022, 12:54:54",957,867,976,1002,976,971,1,3,1,2,0,2,1
"06/20/2022, 12:55:04",961,869,976,1001,976,970,3,1,2,2,0,5,1
"06/20/2022, 12:55:14",964,873,973,1003,978,952,3,2,2,3,0,10,1
"06/20/2022, 12:55:24",962,882,982,1010,971,951,2,1,0,1,1,9,1
"06/20/2022, 12:55:34",966,880,983,1010,972,951,3,1,1,2,3,2,1
"06/20/2022, 12:55:44",967,880,984,1010,973,951,2,2,0,1,2,0,1
"06/20/2022, 12:55:54",968,879,984,1009,972,950,2,3,2,1,2,6,1
"06/20/2022, 12:56:04",969,874,977,998,978,962,0,1,2,1,1,6,1
"06/20/2022, 12:56:14",969,876,976,1001,978,963,1,2,1,3,1,10,1
"06/20/2022, 12:56:24",969,876,977,1000,978,962,0,0,3,0,3,4,1
"06/20/2022, 12:56:34",969,879,977,1002,977,963,13,2,10,7,3,1,1
"06/20/2022, 12:56:44",969,881,977,1003,975,963,19,29,8,1,1,1,1
"06/20/2022, 12:56:54",970,881,977,1002,977,963,1,14,20,8,5,8,1
"06/20/2022, 12:57:04",961,857,990,1011,973,954,2,1,8,20,8,4,1
"06/20/2022, 12:57:14",966,856,969,1003,976,967,4,2,19,19,1,7,1
"06/20/2022, 12:57:24",968,858,972,1004,976,966,18,11,29,16,4,4,1
"06/20/2022, 12:57:34",969,857,973,1004,977,965,22,2,22,7,5,1,1
"06/20/2022, 12:57:44",969,860,977,1010,960,955,11,6,15,13,7,4,1
"06/20/2022, 12:57:54",970,862,978,1010,962,957,11,10,29,29,6,6,1
"06/20/2022, 12:58:04",949,854,987,1011,973,954,20,12,14,2,0,1,1
"06/20/2022, 12:58:14",947,798,980,1005,981,975,13,7,16,24,7,6,1
"06/20/2022, 12:58:24",948,804,981,1005,981,976,23,23,4,8,10,2,1
"06/20/2022, 12:58:34",950,805,982,1005,981,975,8,23,7,29,9,7,1
"06/20/2022, 12:58:44",951,807,982,1005,982,975,6,25,16,22,3,2,1
"06/20/2022, 12:58:54",951,808,981,1005,982,975,3,25,29,28,8,8,1
"06/20/2022, 12:59:04",932,784,985,1007,979,952,25,26,0,22,3,5,1
"06/20/2022, 12:59:14",938,812,998,1008,984,921,29,26,22,13,0,10,1
"06/20/2022, 12:59:24",974,854,978,1005,957,955,12,7,30,14,10,2,1
"06/20/2022, 12:59:34",512,0,938,1011,970,982,0,2,0,2,2,9,1
"06/20/2022, 12:59:44",955,0,990,961,984,962,2,3,0,2,0,1,1
"06/20/2022, 12:59:54",954,0,991,960,985,961,0,1,0,1,0,5,1
"06/20/2022, 13:00:04",831,0,998,991,988,968,2,2,1,2,3,6,1
"06/20/2022, 13:00:14",582,0,964,995,988,983,3,2,1,2,3,3,1
"06/20/2022, 13:00:24",918,0,973,972,988,973,1,2,3,0,1,6,1
"06/20/2022, 13:00:34",933,825,968,989,984,977,0,1,0,3,0,8,1
"06/20/2022, 13:00:44",914,793,975,986,988,977,1,2,3,2,2,7,1
"06/20/2022, 13:00:54",95,0,159,128,17,0,3,2,0,2,3,3,1
"06/20/2022, 13:01:04",446,0,335,405,295,412,1,3,0,0,3,6,1
"06/20/2022, 13:01:14",99,0,18,0,359,431,3,2,0,1,0,0,1
"06/20/2022, 13:01:24",692,0,898,780,482,637,2,1,0,2,2,3,1
"06/20/2022, 13:01:34",679,0,863,906,530,829,1,0,3,3,0,1,1
"06/20/2022, 13:01:44",690,0,875,912,561,839,2,3,0,1,3,6,1
"06/20/2022, 13:01:54",47,0,0,0,62,265,0,2,1,1,3,7,1
"06/20/2022, 13:02:04",904,1,959,788,762,693,2,3,2,0,1,8,1
"06/20/2022, 13:02:14",869,946,0,899,380,709,1,3,1,3,3,7,1
"06/20/2022, 13:02:24",929,936,0,881,452,706,0,2,3,1,0,5,1
"06/20/2022, 13:02:34",942,942,1,872,479,705,3,12,8,0,0,0,1
"06/20/2022, 13:02:44",947,933,0,874,511,717,4,14,30,6,0,8,1
"06/20/2022, 13:02:54",939,931,906,888,611,815,0,19,24,10,5,6,1
"06/20/2022, 13:03:04",941,932,910,890,602,821,6,10,20,18,9,6,1
"06/20/2022, 13:03:14",943,931,912,890,604,817,4,1,2,15,0,9,1
"06/20/2022, 13:03:24",907,917,904,902,614,840,2,3,2,2,8,4,1
"06/20/2022, 13:03:34",922,926,909,900,638,844,10,1,1,6,6,1,1
"06/20/2022, 13:03:44",932,924,924,890,675,835,9,3,0,3,7,6,1
"06/20/2022, 13:03:54",947,939,917,885,645,827,29,0,0,28,8,8,1
"06/20/2022, 13:04:04",945,943,911,899,646,834,11,2,2,11,5,8,1
"06/20/2022, 13:04:14",948,929,918,894,638,838,26,6,20,29,9,2,1
"06/20/2022, 13:04:24",949,926,924,893,654,834,14,21,29,29,10,5,1
"06/20/2022, 13:04:34",937,920,937,896,658,823,21,9,29,6,5,4,1
"06/20/2022, 13:04:44",949,925,927,886,655,803,6,13,3,1,4,9,1
"06/20/2022, 13:04:54",954,931,925,891,653,809,1,19,6,18,3,0,1
"06/20/2022, 13:05:04",948,894,931,882,660,811,0,13,3,3,3,2,1
"06/20/2022, 13:05:14",846,960,833,935,446,811,2,22,3,1,1,10,1
"06/20/2022, 13:05:24",975,937,894,853,599,790,1,21,0,0,1,4,1
"06/20/2022, 13:05:34",981,945,919,857,615,764,3,13,3,1,2,2,1
"06/20/2022, 13:05:44",981,933,927,850,638,780,3,8,2,2,2,5,1
"06/20/2022, 13:05:54",892,942,871,885,631,856,0,29,2,2,0,7,1
"06/20/2022, 13:06:04",919,943,891,877,644,827,3,6,2,2,3,7,1
"06/20/2022, 13:06:14",902,942,891,883,646,825,1,0,3,1,1,3,1
"06/20/2022, 13:06:25",932,962,887,901,591,845,2,13,1,0,1,7,1
"06/20/2022, 13:06:35",922,957,883,890,619,833,3,24,1,3,0,8,1
"06/20/2022, 13:06:45",927,957,886,892,623,827,3,15,0,1,3,0,1
"06/20/2022, 13:06:55",927,958,889,891,635,823,0,25,1,1,0,5,1
"06/20/2022, 13:07:05",931,958,893,891,646,814,0,3,2,3,2,4,1
"06/20/2022, 13:07:15",932,958,897,890,655,816,1,0,0,6,0,0,1
"06/20/2022, 13:13:07",939,958,923,892,689,736,26,9,29,29,0,5,2
"06/20/2022, 13:13:17",931,943,923,881,695,747,20,3,3,15,2,9,2
"06/20/2022, 13:13:27",918,906,903,880,703,745,21,10,7,16,2,5,2
"06/20/2022, 13:13:37",910,939,0,887,709,759,10,30,8,15,7,10,2
"06/20/2022, 13:13:47",935,948,1,884,712,775,27,2,0,12,2,7,2
"06/20/2022, 13:13:57",922,952,910,913,693,810,28,0,2,24,6,2,2
"06/20/2022, 13:14:07",919,947,1,898,706,776,15,22,19,23,4,7,2
"06/20/2022, 13:14:17",894,955,901,909,676,744,3,12,0,3,0,3,2
"06/20/2022, 13:14:27",886,962,881,923,645,782,3,24,3,0,2,2,2
"06/20/2022, 13:14:37",893,961,897,912,670,728,1,5,2,0,0,9,2
"06/20/2022, 13:14:47",888,959,887,922,660,744,3,13,3,0,2,2,2
"06/20/2022, 13:14:57",895,961,895,913,663,743,3,4,0,0,0,4,2
"06/20/2022, 13:15:07",937,958,907,893,678,764,3,27,1,2,3,9,2
"06/20/2022, 13:15:17",936,962,920,895,681,725,3,21,1,1,3,5,2
"06/20/2022, 13:15:27",938,962,924,898,688,698,0,23,2,1,1,9,2
"06/20/2022, 13:15:37",935,960,1,918,641,565,0,28,0,3,3,3,2
"06/20/2022, 13:15:47",938,961,923,902,694,723,0,3,0,3,1,6,2
"06/20/2022, 13:15:57",937,892,911,895,696,724,2,3,2,2,2,4,2
"06/20/2022, 13:16:07",938,941,910,890,700,689,2,0,1,3,3,7,2
"06/20/2022, 13:16:17",909,938,1,913,700,722,2,15,22,20,2,9,2
"06/20/2022, 13:16:27",939,948,920,895,697,711,2,16,19,11,3,7,2
"06/20/2022, 13:16:37",941,948,922,893,695,709,3,10,18,19,2,6,2
"06/20/2022, 13:16:47",941,950,921,889,693,705,2,11,11,22,1,10,2
"06/20/2022, 13:16:57",942,948,914,899,680,735,3,19,19,25,1,6,2
"06/20/2022, 13:17:07",941,946,924,886,696,699,1,20,20,10,1,3,2
"06/20/2022, 13:17:17",968,955,924,886,601,660,2,22,10,23,0,0,2
"06/20/2022, 13:17:27",941,952,928,891,686,711,0,1,3,1,3,7,2
"06/20/2022, 13:17:37",947,953,928,892,673,719,2,3,0,2,3,9,2
"06/20/2022, 13:17:47",947,955,915,904,673,751,0,0,0,2,3,7,2
"06/20/2022, 13:17:57",943,955,915,904,665,715,1,0,0,2,3,6,2
"06/20/2022, 13:18:07",943,959,920,897,674,693,3,3,2,0,3,3,2
"06/20/2022, 13:18:17",939,955,919,902,664,735,2,0,3,3,2,10,2
"06/20/2022, 13:18:27",942,950,931,895,695,716,2,1,0,3,0,8,2
"06/20/2022, 13:18:37",943,954,907,888,690,684,10,29,27,20,0,4,2
"06/20/2022, 13:18:47",940,953,930,893,690,658,30,13,10,9,8,10,2
"06/20/2022, 13:18:57",941,962,929,902,681,698,29,0,23,10,1,0,2
"06/20/2022, 13:19:07",943,959,923,902,691,707,30,3,26,14,3,6,2
"06/20/2022, 13:19:17",942,964,915,908,671,727,11,2,26,30,3,2,2
"06/20/2022, 13:19:27",944,964,920,906,667,732,0,2,2,1,2,9,2
"06/20/2022, 13:19:37",945,964,909,915,646,761,0,1,0,3,2,2,2
"06/20/2022, 13:19:47",944,964,922,905,674,720,2,2,0,0,0,0,2
"06/20/2022, 13:19:58",937,958,930,891,694,686,3,1,3,0,1,7,2
"06/20/2022, 13:20:08",943,960,933,898,695,713,3,2,1,3,3,5,2
"06/20/2022, 13:20:18",945,959,932,893,689,706,2,15,3,19,9,10,2
"06/20/2022, 13:20:28",978,954,929,855,632,675,25,28,17,19,9,4,2
"06/20/2022, 13:20:38",976,961,924,902,567,740,5,4,17,29,4,9,2
"06/20/2022, 13:20:48",951,970,920,908,595,694,25,25,12,3,4,9,2
"06/20/2022, 13:20:58",946,963,922,903,645,729,29,24,25,26,10,2,2
"06/20/2022, 13:21:08",948,956,921,901,644,743,13,24,16,3,10,6,2
"06/20/2022, 13:21:18",953,956,928,884,659,718,1,1,0,3,2,0,2
"06/20/2022, 13:21:28",937,944,925,898,654,750,3,1,0,0,3,10,2
"06/20/2022, 13:21:38",933,936,937,885,675,715,28,26,25,16,8,5,2
"06/20/2022, 13:21:48",937,942,935,895,671,732,12,1,16,18,7,3,2
"06/20/2022, 13:21:58",935,942,930,900,666,746,7,20,16,17,3,3,2
"06/20/2022, 13:22:08",932,958,921,910,666,749,7,28,10,29,9,2,2
"06/20/2022, 13:22:18",937,959,921,908,663,744,1,28,25,0,1,6,2
"06/20/2022, 13:22:28",936,962,919,908,660,739,0,8,24,2,3,0,2
"06/20/2022, 13:22:38",939,958,928,899,658,729,1,10,23,0,0,2,2
"06/20/2022, 13:22:48",942,961,926,902,667,738,2,1,14,2,1,5,2
"06/20/2022, 13:22:58",943,959,928,902,668,743,3,23,8,1,0,6,2
"06/20/2022, 13:23:08",943,959,929,903,668,743,2,30,3,3,1,6,2
"06/20/2022, 13:23:18",943,960,928,903,668,739,2,2,24,1,3,8,2
"06/20/2022, 13:23:28",942,960,928,904,669,744,1,25,8,0,2,6,2
"06/20/2022, 13:23:38",944,957,930,906,668,755,0,8,30,0,0,8,2
"06/20/2022, 13:23:48",943,960,925,906,666,751,1,0,3,0,2,3,2
"06/20/2022, 13:23:58",944,960,929,900,668,744,3,3,2,0,1,2,2
"06/20/2022, 13:24:08",946,954,929,908,670,750,2,2,0,1,1,3,2
"06/20/2022, 13:24:18",946,957,929,905,670,746,2,2,2,2,3,7,2
"06/20/2022, 13:24:28",946,957,928,906,671,748,3,2,2,0,3,5,2
"06/20/2022, 13:24:38",940,958,921,904,678,726,2,2,2,1,2,8,2
"06/20/2022, 13:24:48",943,958,929,908,673,748,3,3,1,1,1,6,2
"06/20/2022, 13:24:58",942,957,929,905,679,757,2,1,2,2,0,2,2
"06/20/2022, 13:25:08",940,959,923,915,683,771,0,0,2,3,1,9,2
"06/20/2022, 13:25:18",939,961,881,920,680,770,1,2,27,3,7,1,2
"06/20/2022, 13:25:28",949,953,920,907,663,761,13,13,19,12,2,0,2
"06/20/2022, 13:25:38",957,948,930,857,677,721,25,20,0,27,5,2,2
"06/20/2022, 13:25:48",946,953,926,909,667,749,1,15,2,6,2,2,2
"06/20/2022, 13:25:58",946,952,928,906,669,747,30,23,22,28,9,10,2
"06/20/2022, 13:26:08",947,952,921,903,673,739,29,22,5,25,4,2,2
"06/20/2022, 13:26:18",947,948,902,902,673,746,1,21,12,22,10,2,2
"06/20/2022, 13:26:28",945,950,895,901,672,747,29,14,6,8,7,7,2
"06/20/2022, 13:26:38",943,951,823,904,687,721,23,27,4,3,5,10,2
"06/20/2022, 13:26:48",947,959,919,907,656,741,19,0,6,0,1,3,2
"06/20/2022, 13:26:58",944,957,916,908,672,741,22,5,1,7,4,3,2
"06/20/2022, 13:27:08",945,959,919,915,668,754,7,20,4,2,6,10,2
"06/20/2022, 13:27:18",6,931,0,1003,0,915,9,21,1,7,8,5,2
"06/20/2022, 13:27:28",919,18,869,886,559,704,3,28,3,6,5,7,2
"06/20/2022, 13:27:38",943,964,869,920,539,737,4,16,1,0,5,7,2
"06/20/2022, 13:27:48",913,961,892,923,587,725,14,6,3,6,5,1,2
"06/20/2022, 13:27:58",906,949,891,919,636,754,30,0,8,3,1,2,2
"06/20/2022, 13:28:08",933,952,891,904,641,723,23,8,7,0,7,9,2
"06/20/2022, 13:28:18",931,953,882,906,640,747,3,0,3,1,3,5,2
"06/20/2022, 13:28:28",933,957,895,910,644,739,4,2,1,4,5,0,2
"06/20/2022, 13:28:38",933,955,888,907,643,730,0,1,4,4,0,3,2
"06/20/2022, 13:28:48",933,953,900,907,654,746,1,4,1,4,1,10,2
"06/20/2022, 13:28:58",951,969,896,909,609,724,0,3,3,3,2,9,2
"06/20/2022, 13:29:08",941,959,900,899,649,736,4,2,4,2,0,4,2
"06/20/2022, 13:29:18",936,952,908,898,667,726,0,0,5,0,3,3,2
"06/20/2022, 13:29:28",936,951,906,898,669,726,0,5,1,0,5,7,2
"06/20/2022, 13:29:38",940,957,901,895,662,735,3,1,3,4,5,4,2
"06/20/2022, 13:29:48",936,951,915,918,609,716,2,4,5,2,2,5,2
"06/20/2022, 13:29:58",938,957,907,906,662,758,3,1,3,4,0,9,2
"06/20/2022, 13:30:08",939,954,912,889,648,726,1,0,4,2,4,2,2
"06/20/2022, 13:30:18",939,950,906,921,595,806,9,2,30,21,4,6,2
"06/20/2022, 13:30:28",941,963,890,914,603,808,1,18,6,3,7,4,2
"06/20/2022, 13:30:38",942,962,893,915,606,814,2,2,3,2,0,4,2
"06/20/2022, 13:30:48",942,962,901,913,621,798,2,3,2,3,0,1,2
"06/20/2022, 13:30:58",943,962,894,914,609,810,3,1,0,2,2,5,2
"06/20/2022, 13:31:08",943,962,903,910,630,799,1,1,2,2,3,2,2
"06/20/2022, 13:31:18",941,964,898,923,625,817,3,2,1,1,1,7,2
"06/20/2022, 13:31:28",943,960,899,910,633,796,0,2,2,1,2,0,2
"06/20/2022, 13:31:38",943,961,869,912,616,807,2,0,0,0,2,7,2
"06/20/2022, 13:31:48",939,959,888,917,646,795,3,2,3,3,1,2,2
"06/20/2022, 13:31:58",940,959,887,919,630,813,1,3,0,3,3,4,2
"06/20/2022, 13:32:08",932,963,886,925,637,817,3,0,3,3,0,10,2
"06/20/2022, 13:32:18",944,961,891,910,617,808,9,20,18,2,9,2,2
"06/20/2022, 13:32:28",944,960,893,910,622,807,10,21,21,14,2,9,2
"06/20/2022, 13:32:38",942,962,885,912,619,813,12,2,14,27,7,7,2
"06/20/2022, 13:32:48",931,943,918,927,663,813,6,19,23,30,3,7,2
"06/20/2022, 13:32:58",946,951,914,904,641,804,20,30,5,11,3,10,2
"06/20/2022, 13:33:08",947,959,911,903,644,812,21,0,21,17,0,4,2
"06/20/2022, 13:33:18",947,955,916,904,661,771,30,13,18,3,10,3,2
"06/20/2022, 13:33:28",956,952,863,899,624,806,19,29,2,17,5,9,2
"06/20/2022, 13:33:38",961,961,911,917,620,813,11,14,24,13,6,3,2
"06/20/2022, 13:33:49",945,964,861,919,583,811,27,23,10,18,5,8,2
"06/20/2022, 13:33:59",966,976,890,923,560,786,21,12,24,10,6,6,2
"06/20/2022, 13:34:09",970,981,885,932,530,818,23,6,21,7,0,4,2
"06/20/2022, 13:34:19",935,968,883,924,576,815,14,25,9,17,5,3,2
"06/20/2022, 13:34:29",945,968,887,924,577,817,5,26,8,30,1,5,2
"06/20/2022, 13:34:39",15,0,0,27,0,0,22,6,5,23,4,8,2
"06/20/2022, 13:34:49",36,13,0,71,0,0,30,11,29,16,0,6,2
"06/20/2022, 13:34:59",34,0,0,73,0,0,26,15,6,19,10,10,2
"06/20/2022, 13:35:09",44,0,0,75,0,0,9,20,11,15,7,2,2
"06/20/2022, 13:35:19",29,0,0,73,0,0,1,2,1,0,2,10,2
"06/20/2022, 13:35:29",42,0,0,88,0,0,1,1,0,3,0,4,2
"06/20/2022, 13:35:39",72,0,0,89,0,0,0,2,3,0,2,5,2
"06/20/2022, 13:35:49",74,0,0,88,0,0,0,1,0,2,3,0,2
"06/20/2022, 13:35:59",77,0,0,91,0,0,0,1,2,1,2,5,2
"06/20/2022, 13:36:09",82,0,0,91,0,0,12,24,29,38,8,6,2
"06/20/2022, 13:36:19",81,0,0,92,0,15,7,33,23,8,6,9,2
"06/20/2022, 13:36:29",88,0,0,91,0,16,36,14,5,1,9,9,2
"06/20/2022, 13:36:39",88,0,0,93,0,29,17,10,16,34,9,9,2
"06/20/2022, 13:36:49",87,0,0,89,0,30,10,34,39,24,9,2,2
"06/20/2022, 13:36:59",96,0,0,90,0,30,25,40,19,5,2,3,2
"06/20/2022, 13:37:09",98,0,0,84,0,73,38,13,7,32,7,3,2
"06/20/2022, 13:37:19",95,0,0,84,0,85,23,36,38,38,2,4,2
"06/20/2022, 13:37:29",94,0,0,48,0,90,4,37,0,22,4,8,2
"06/20/2022, 13:37:39",97,0,0,37,0,79,0,17,39,22,1,3,2
"06/20/2022, 13:37:49",96,0,0,31,0,90,35,24,19,17,8,0,2
"06/20/2022, 13:37:59",90,0,0,16,0,88,1,3,3,0,4,10,2
"06/20/2022, 13:38:09",92,0,0,16,0,78,0,2,2,2,5,3,2
"06/20/2022, 13:38:19",82,0,0,8,0,74,0,15,0,1,7,7,2
"06/20/2022, 13:38:29",85,0,0,3,0,39,21,9,15,28,4,5,2
"06/20/2022, 13:38:39",88,0,0,1,0,32,10,3,11,2,4,7,2
"06/20/2022, 13:38:49",87,0,0,0,0,39,21,27,2,10,5,2,2
"06/20/2022, 13:38:59",88,0,0,0,0,35,16,3,2,1,3,2,2
"06/20/2022, 13:39:09",86,0,0,0,0,39,19,3,3,8,4,4,2
"06/20/2022, 13:39:19",83,0,0,0,0,40,8,2,0,30,10,5,2
"06/20/2022, 13:39:29",82,0,0,0,0,40,24,2,0,16,0,9,2
"06/20/2022, 13:39:39",82,0,0,0,0,40,21,2,0,6,9,7,2
"06/20/2022, 13:39:49",82,0,0,0,0,50,22,1,1,23,3,3,2
"06/20/2022, 13:39:59",81,0,0,0,0,41,30,15,9,3,2,10,2
"06/20/2022, 13:40:09",79,0,0,0,0,41,24,0,12,4,9,4,2
"06/20/2022, 13:40:19",74,0,0,0,0,44,17,2,11,1,4,10,2
"06/20/2022, 13:40:29",74,0,0,0,0,48,2,0,25,29,4,3,2
"06/20/2022, 13:40:39",76,0,0,0,0,48,28,20,21,23,1,5,2
"06/20/2022, 13:40:49",73,0,0,0,0,40,1,10,2,1,1,5,2
"06/20/2022, 13:40:59",78,0,0,0,0,38,3,15,0,1,3,4,2
"06/20/2022, 13:41:09",71,0,0,0,0,39,0,23,2,3,2,3,2
"06/20/2022, 13:41:19",159,994,1,949,0,867,2,24,1,1,1,6,2
"06/20/2022, 13:41:29",873,959,860,828,909,861,1,2,2,3,0,2,2
"06/20/2022, 13:41:39",887,962,865,832,912,878,2,26,1,0,0,0,2
"06/20/2022, 13:41:49",882,961,873,824,917,880,3,0,3,1,0,7,2
"06/20/2022, 13:41:59",887,962,877,824,917,883,2,12,2,2,3,9,2
"06/20/2022, 13:42:09",890,961,880,826,917,884,3,1,0,0,0,5,2
"06/20/2022, 13:42:19",889,962,886,831,919,884,3,6,2,2,1,3,2
"06/20/2022, 13:42:29",905,969,874,876,878,901,3,17,0,0,0,4,2
"06/20/2022, 13:42:39",883,954,879,871,921,908,2,15,0,2,3,6,2
"06/20/2022, 13:42:49",885,955,885,873,923,910,3,0,3,0,3,5,2
"06/20/2022, 13:50:33",976,995,834,797,861,919,15,7,6,5,3,4,3
"06/20/2022, 13:50:44",983,997,851,801,872,920,6,15,3,3,4,3,3
"06/20/2022, 13:50:54",983,1004,840,759,870,589,6,1,12,4,4,5,3
"06/20/2022, 13:51:04",985,1004,848,709,874,549,13,1,3,6,2,5,3
"06/20/2022, 13:51:14",985,1004,852,735,874,618,2,10,0,9,4,2,3
"06/20/2022, 13:51:24",985,1005,850,730,874,625,7,12,1,6,3,3,3
"06/20/2022, 13:51:34",986,1005,852,732,875,622,13,13,15,2,4,4,3
"06/20/2022, 13:51:44",986,1005,851,733,875,605,10,9,11,11,5,4,3
"06/20/2022, 13:51:54",974,993,871,859,916,939,8,14,13,14,4,1,3
"06/20/2022, 13:52:04",978,991,880,860,903,950,7,7,1,8,1,1,3
"06/20/2022, 13:52:14",973,998,852,891,875,944,15,5,6,5,1,2,3
"06/20/2022, 13:52:24",979,1001,856,897,876,948,14,0,11,5,5,4,3
"06/20/2022, 13:52:34",986,988,907,871,890,943,0,3,6,4,2,5,3
"06/20/2022, 13:52:44",974,991,878,897,884,942,3,13,1,5,5,3,3
"06/20/2022, 13:52:54",964,990,878,907,886,947,14,4,6,1,3,5,3
"06/20/2022, 13:53:04",968,996,871,909,888,943,2,12,13,5,5,1,3
"06/20/2022, 13:53:14",966,993,868,917,878,948,3,10,3,0,2,4,3
"06/20/2022, 13:53:24",978,997,883,884,887,944,12,6,8,8,1,5,3
"06/20/2022, 13:53:34",976,995,883,890,885,945,4,8,0,7,0,1,3
"06/20/2022, 13:53:44",977,998,890,909,879,946,13,13,6,10,1,0,3
"06/20/2022, 13:53:54",977,997,890,912,887,948,5,8,9,9,0,5,3
"06/20/2022, 13:54:04",977,998,892,908,885,947,14,1,15,15,2,0,3
"06/20/2022, 13:54:14",977,997,894,913,882,946,0,6,8,14,4,0,3
"06/20/2022, 13:54:24",977,997,895,917,886,947,14,1,2,7,2,4,3
"06/20/2022, 13:54:34",976,996,895,919,897,951,1,11,12,12,5,4,3
"06/20/2022, 13:54:44",970,986,867,898,935,951,11,7,15,6,5,5,3
"06/20/2022, 13:54:54",978,994,880,905,888,950,1,9,13,15,3,0,3
"06/20/2022, 13:55:04",974,997,877,919,850,942,15,5,0,10,5,4,3
"06/20/2022, 13:55:14",977,996,876,909,879,946,9,5,2,5,2,5,3
"06/20/2022, 13:55:24",977,996,873,907,880,948,14,14,12,10,2,5,3
"06/20/2022, 13:55:34",978,996,875,905,882,949,2,1,0,1,2,5,3
"06/20/2022, 13:55:44",979,996,877,905,882,948,14,4,9,13,4,0,3
"06/20/2022, 13:55:54",978,996,890,921,869,947,14,0,12,10,4,3,3
"06/20/2022, 13:56:04",976,992,897,929,889,949,0,5,4,12,3,2,3
"06/20/2022, 13:56:14",981,996,888,914,881,950,11,10,12,11,5,0,3
"06/20/2022, 13:56:24",980,995,888,920,884,951,11,6,8,13,5,3,3
"06/20/2022, 13:56:34",982,996,885,905,884,950,7,15,0,12,3,4,3
"06/20/2022, 13:56:44",981,995,894,923,880,950,1,8,8,5,3,4,3
"06/20/2022, 13:56:54",986,996,836,913,692,934,4,5,3,3,4,0,3
"06/20/2022, 13:57:04",989,988,874,849,845,875,2,2,9,1,4,1,3
"06/20/2022, 13:57:14",986,988,894,949,895,946,13,4,1,15,5,1,3
"06/20/2022, 13:57:24",967,980,856,939,883,929,8,3,9,6,0,5,3
"06/20/2022, 13:57:34",860,938,945,946,934,956,3,9,12,3,5,2,3
"06/20/2022, 13:57:44",766,825,979,884,924,946,4,0,14,14,1,5,3
"06/20/2022, 13:57:54",696,954,962,946,933,813,13,12,5,15,5,2,3
"06/20/2022, 13:58:04",668,940,967,943,940,836,13,1,2,10,3,3,3
"06/20/2022, 13:58:14",674,931,949,927,903,849,6,10,6,2,3,2,3
"06/20/2022, 13:58:24",655,934,951,938,909,893,3,7,3,1,5,4,3
"06/20/2022, 13:58:34",574,931,945,948,911,906,10,3,15,0,1,1,3
"06/20/2022, 13:58:44",659,903,967,958,933,891,8,14,1,2,3,4,3
"06/20/2022, 13:58:54",853,912,815,857,636,848,12,11,11,5,5,1,3
"06/20/2022, 13:59:04",962,914,833,801,673,808,6,8,1,14,4,3,3
"06/20/2022, 13:59:14",947,875,858,838,904,922,9,12,8,12,0,1,3
"06/20/2022, 13:59:24",932,906,857,865,892,920,1,2,5,6,3,3,3
"06/20/2022, 13:59:34",945,990,880,881,833,912,6,3,1,0,3,0,3
"06/20/2022, 13:59:44",880,965,843,916,836,949,15,1,3,1,2,3,3
"06/20/2022, 13:59:54",928,958,888,893,860,916,3,6,4,10,1,1,3
"06/20/2022, 14:00:04",935,956,882,892,853,916,1,14,7,8,3,0,3
"06/20/2022, 14:00:14",936,984,873,876,810,905,2,15,8,13,0,0,3
"06/20/2022, 14:00:24",927,921,918,909,931,954,10,12,6,1,4,3,3
"06/20/2022, 14:00:34",925,958,918,933,929,960,2,11,7,12,2,4,3
"06/20/2022, 14:00:44",909,961,908,926,935,957,6,8,10,1,4,1,3
"06/20/2022, 14:00:54",936,963,913,918,933,950,10,9,12,7,3,4,3
"06/20/2022, 14:01:04",941,966,918,918,938,948,12,8,14,2,0,0,3
"06/20/2022, 14:01:14",939,970,913,928,918,955,7,5,10,12,1,4,3
"06/20/2022, 14:01:24",944,969,919,924,930,951,5,4,13,11,3,1,3
"06/20/2022, 14:01:34",843,924,929,932,937,959,6,6,12,15,4,2,3
"06/20/2022, 14:01:44",931,979,888,931,896,955,3,13,5,15,1,3,3
"06/20/2022, 14:01:54",941,969,922,938,926,956,9,13,8,8,4,1,3
"06/20/2022, 14:02:04",951,971,925,934,917,954,12,11,11,14,0,0,3
"06/20/2022, 14:02:14",907,972,895,937,923,959,13,13,9,4,5,2,3
"06/20/2022, 14:02:24",932,967,920,930,918,951,10,1,15,1,1,0,3
"06/20/2022, 14:02:34",932,965,925,928,932,952,4,3,1,8,5,4,3
"06/20/2022, 14:02:44",934,970,922,936,918,956,10,10,6,1,1,2,3
"06/20/2022, 14:02:54",919,961,938,949,945,963,13,1,12,12,0,0,3
"06/20/2022, 14:03:04",827,991,691,975,666,971,6,14,15,11,2,2,3
"06/20/2022, 14:03:14",798,827,951,895,949,942,2,0,0,2,5,0,3
"06/20/2022, 14:03:24",692,851,923,924,933,952,1,0,0,2,0,3,3
"06/20/2022, 14:03:34",902,970,907,921,918,954,2,2,1,1,4,4,3
"06/20/2022, 14:03:44",902,965,929,909,944,948,1,2,0,1,5,2,3
"06/20/2022, 14:03:54",896,968,928,913,943,944,1,0,0,0,4,2,3
"06/20/2022, 14:04:04",908,965,937,913,949,953,0,1,0,0,2,4,3
"06/20/2022, 14:04:14",904,968,937,909,951,949,0,1,2,2,4,3,3
"06/20/2022, 14:04:24",906,968,939,916,946,958,0,1,1,1,2,5,3
"06/20/2022, 14:04:34",932,985,890,857,829,863,1,1,0,1,0,4,3
"06/20/2022, 14:04:44",908,986,840,873,673,778,2,0,2,1,1,0,3
"06/20/2022, 14:04:54",913,985,883,880,811,781,0,2,0,1,1,5,3
"06/20/2022, 14:05:04",913,984,884,884,824,795,2,0,2,1,3,2,3
"06/20/2022, 14:05:14",896,971,906,900,902,880,2,0,0,2,1,2,3
"06/20/2022, 14:05:25",896,970,3,942,914,943,1,0,0,2,2,0,3
"06/20/2022, 14:05:35",297,967,470,998,785,980,2,1,1,1,0,5,3
"06/20/2022, 14:05:45",907,965,3,914,957,936,1,2,0,1,4,1,3
"06/20/2022, 14:05:55",567,981,836,989,942,977,0,0,0,2,0,4,3
"06/20/2022, 14:06:05",924,972,904,945,919,942,2,2,2,2,1,5,3
"06/20/2022, 14:06:15",951,982,933,937,922,930,1,2,1,1,1,3,3
"06/20/2022, 14:06:25",796,968,913,955,929,956,2,0,1,0,4,3,3
"06/20/2022, 14:06:35",918,974,925,920,942,941,2,0,1,2,3,5,3
"06/20/2022, 14:06:45",928,974,931,923,946,938,1,2,0,2,3,1,3
"06/20/2022, 14:06:55",963,349,847,878,699,875,0,2,2,0,5,4,3
"06/20/2022, 14:07:05",957,975,3,937,796,885,0,0,2,2,4,1,3
"06/20/2022, 14:07:15",969,983,886,877,735,755,1,0,0,2,5,0,3
"06/20/2022, 14:07:25",964,994,840,864,651,798,0,2,0,2,1,2,3
"06/20/2022, 14:07:35",957,980,3,895,760,868,0,0,2,0,3,4,3
"06/20/2022, 14:07:45",976,986,890,814,774,749,2,1,0,1,3,3,3
"06/20/2022, 14:07:55",977,978,896,817,754,745,1,0,0,1,3,1,3
"06/20/2022, 14:08:05",964,979,3,810,868,705,1,2,2,0,4,3,3
"06/20/2022, 14:08:15",974,920,3,890,854,782,1,2,2,0,4,0,3
"06/20/2022, 14:08:25",566,909,946,981,947,975,0,1,0,0,0,4,3
"06/20/2022, 14:08:35",895,962,17,950,961,958,0,0,0,1,5,3,3
"06/20/2022, 14:08:45",887,967,930,943,954,957,1,1,2,0,2,3,3
"06/20/2022, 14:08:55",884,959,942,946,943,959,0,1,0,0,2,3,3
"06/20/2022, 14:09:05",180,682,716,986,917,979,2,1,2,0,2,5,3
"06/20/2022, 14:09:15",450,752,3,965,966,967,1,0,0,0,1,3,3
"06/20/2022, 14:09:25",39,65,0,0,0,0,2,2,1,1,2,5,3
"06/20/2022, 14:09:35",38,136,0,0,179,235,1,2,1,2,1,3,3
"06/20/2022, 14:09:45",32,215,0,29,184,261,15,15,11,15,4,3,3
"06/20/2022, 14:09:55",34,0,0,41,212,285,4,11,12,10,3,2,3
"06/20/2022, 14:10:05",66,0,0,48,230,278,8,9,12,8,0,1,3
"06/20/2022, 14:10:15",77,0,0,54,270,284,3,9,8,2,0,0,3
"06/20/2022, 14:10:25",88,0,0,74,268,285,13,8,14,3,0,4,3
"06/20/2022, 14:10:35",73,0,0,50,272,289,11,2,9,11,0,5,3
"06/20/2022, 14:10:45",79,258,0,45,288,288,11,0,1,15,5,3,3
"06/20/2022, 14:10:55",90,265,0,38,293,290,12,2,0,10,5,3,3
"06/20/2022, 14:11:05",93,266,0,35,293,290,11,12,13,0,4,3,3
"06/20/2022, 14:11:15",90,256,0,33,296,286,12,10,12,15,5,5,3
"06/20/2022, 14:11:25",94,271,0,0,273,269,15,13,1,11,4,3,3
"06/20/2022, 14:11:35",88,273,0,0,272,257,11,6,1,15,4,0,3
"06/20/2022, 14:11:45",82,268,0,0,297,257,9,1,7,10,4,4,3
"06/20/2022, 14:11:55",80,260,0,0,293,255,10,5,3,1,0,5,3
"06/20/2022, 14:12:05",82,250,0,0,287,248,11,6,1,15,5,1,3
"06/20/2022, 14:12:15",83,9,0,0,291,261,6,4,14,7,4,2,3
"06/20/2022, 14:12:25",78,26,0,0,290,267,12,3,13,2,5,2,3
"06/20/2022, 14:12:35",70,37,0,0,284,261,15,15,4,2,5,4,3
"06/20/2022, 14:12:45",64,61,0,0,286,262,9,15,6,3,3,2,3
"06/20/2022, 14:12:55",61,245,0,0,286,264,6,9,0,15,0,0,3
"06/20/2022, 14:13:05",66,279,0,0,285,267,0,6,3,9,5,5,3
"06/20/2022, 14:13:15",66,275,0,0,292,268,11,13,1,8,0,4,3
"06/20/2022, 14:13:25",61,255,0,0,288,267,11,10,14,11,4,0,3
"06/20/2022, 14:13:35",59,235,0,0,286,266,7,11,5,13,3,2,3
"06/20/2022, 14:13:45",59,217,0,0,288,268,11,13,6,12,4,1,3
"06/20/2022, 14:13:55",53,192,0,0,270,267,6,6,13,13,3,3,3
"06/20/2022, 14:14:05",62,179,0,0,267,269,3,11,7,15,0,5,3
"06/20/2022, 14:14:15",64,169,0,0,283,268,7,3,3,8,3,1,3
"06/20/2022, 14:14:25",65,0,0,0,284,268,12,9,14,12,3,4,3
"06/20/2022, 14:14:35",65,0,0,0,278,258,4,14,6,2,4,3,3
"06/20/2022, 14:14:45",48,0,0,0,282,261,14,10,8,1,4,1,3
"06/20/2022, 14:14:55",49,4,0,0,281,247,15,3,13,8,4,3,3
"06/20/2022, 14:15:05",50,0,0,0,275,237,3,3,13,11,0,2,3
"06/20/2022, 14:15:15",54,0,0,0,254,237,8,14,7,9,4,0,3
"06/20/2022, 14:15:25",50,0,0,0,272,231,15,3,13,8,1,2,3
"06/20/2022, 14:15:35",48,0,0,0,249,236,7,5,9,6,5,3,3
"06/20/2022, 14:15:45",47,0,0,0,271,235,4,5,2,9,0,5,3
"06/20/2022, 14:15:55",44,0,0,0,253,239,3,0,10,9,5,3,3
"06/20/2022, 14:16:05",49,0,0,0,255,235,12,4,4,7,2,4,3
"06/20/2022, 14:16:15",51,0,0,0,248,236,3,13,9,7,1,2,3
"06/20/2022, 14:16:25",49,0,0,0,250,238,14,0,1,11,2,4,3
"06/20/2022, 14:16:35",52,0,0,0,252,237,3,6,8,14,4,4,3
"06/20/2022, 14:16:45",46,0,0,0,243,238,15,2,9,6,5,4,3
"06/20/2022, 14:16:55",44,0,0,0,239,222,4,11,9,11,4,4,3
"06/20/2022, 14:17:05",41,0,0,0,234,222,14,4,6,14,4,0,3
"06/20/2022, 14:17:15",32,0,0,0,244,220,13,13,14,5,5,3,3
"06/20/2022, 14:17:25",33,0,0,0,241,222,8,12,11,0,4,1,3
"06/20/2022, 14:17:35",35,0,0,0,219,221,14,13,12,1,0,5,3
"06/20/2022, 14:17:45",34,0,0,0,241,221,11,9,10,0,1,5,3
"06/20/2022, 14:17:55",32,0,0,0,219,219,15,7,0,9,1,3,3
"06/20/2022, 14:18:05",23,0,0,0,241,219,1,12,1,10,4,4,3
"06/20/2022, 14:18:15",15,0,0,0,231,219,0,9,5,0,3,0,3
"06/20/2022, 14:18:25",16,0,0,0,237,220,9,10,8,4,4,2,3
"06/20/2022, 14:18:35",15,0,0,0,215,222,3,6,5,9,4,1,3
"06/20/2022, 14:18:45",15,0,0,0,232,218,7,13,11,15,0,5,3
"06/20/2022, 14:18:55",15,0,0,0,217,219,4,4,9,14,1,1,3
"06/20/2022, 14:19:05",15,0,0,0,219,218,1,8,10,14,3,2,3
"06/20/2022, 14:19:15",14,0,0,0,236,217,13,5,1,4,1,2,3
"06/20/2022, 14:19:25",15,0,0,0,234,216,3,11,9,1,4,0,3
"06/20/2022, 14:19:35",15,0,0,0,242,218,2,7,5,9,4,1,3
"06/20/2022, 14:19:46",14,0,0,0,219,219,3,2,2,8,4,2,3
"06/20/2022, 14:19:56",15,0,0,0,218,216,14,13,6,12,1,5,3
"06/20/2022, 14:20:06",15,0,0,0,219,215,7,9,15,2,4,2,3
"06/20/2022, 14:20:16",13,0,0,0,229,217,3,15,11,11,4,2,3
"06/21/2022, 11:54:39",973,823,803,556,855,724,17,28,12,16,2,5,4
"06/21/2022, 11:54:49",931,850,856,685,933,755,30,17,0,2,9,5,4
"06/21/2022, 11:54:59",933,855,863,707,934,787,23,7,3,23,8,7,4
"06/21/2022, 11:55:09",936,859,857,701,929,776,4,15,12,14,4,3,4
"06/21/2022, 11:55:19",936,859,858,728,935,793,23,18,6,23,2,7,4
"06/21/2022, 11:55:29",939,867,853,695,924,757,2,19,24,14,7,0,4
"06/21/2022, 11:55:39",952,825,867,669,929,753,29,27,8,29,9,3,4
"06/21/2022, 11:55:49",942,869,858,677,925,721,1,20,3,1,2,10,4
"06/21/2022, 11:55:59",938,868,861,702,929,764,2,5,1,0,3,1,4
"06/21/2022, 11:56:09",943,872,858,702,923,741,1,10,1,0,0,9,4
"06/21/2022, 11:56:19",939,859,832,710,934,789,2,13,0,1,0,6,4
"06/21/2022, 11:56:29",851,872,722,758,919,791,0,25,3,3,1,8,4
"06/21/2022, 11:56:39",979,675,856,551,938,811,2,4,3,2,2,10,4
"06/21/2022, 11:56:49",877,875,825,793,943,829,3,8,1,1,1,8,4
"06/21/2022, 11:56:59",924,857,847,721,941,772,1,30,3,2,3,0,4
"06/21/2022, 11:57:09",947,870,855,730,933,785,0,29,2,1,3,1,4
"06/21/2022, 11:57:19",946,870,859,746,936,801,2,2,2,2,2,4,4
"06/21/2022, 11:57:29",947,869,861,750,935,806,1,2,0,3,1,4,4
"06/21/2022, 11:57:39",960,871,858,680,922,725,0,3,3,1,3,3,4
"06/21/2022, 11:57:49",949,873,833,741,942,799,1,13,15,21,0,9,4
"06/21/2022, 11:57:59",935,860,839,740,927,798,0,16,23,24,1,1,4
"06/21/2022, 11:58:09",941,867,849,734,933,790,0,15,16,19,3,0,4
"06/21/2022, 11:58:19",941,868,845,756,940,805,1,17,17,25,0,8,4
"06/21/2022, 11:58:29",944,869,843,723,928,751,2,13,12,14,2,8,4
"06/21/2022, 11:58:39",942,868,823,752,938,805,0,23,19,20,0,8,4
"06/21/2022, 11:58:49",943,869,839,756,936,806,1,18,14,11,2,0,4
"06/21/2022, 11:58:59",947,871,828,750,931,793,1,1,0,2,3,2,4
"06/21/2022, 11:59:09",943,869,847,752,931,793,1,2,0,3,2,9,4
"06/21/2022, 11:59:19",948,876,850,733,925,774,3,3,3,0,2,6,4
"06/21/2022, 11:59:29",945,872,839,734,927,765,1,2,2,2,3,4,4
"06/21/2022, 11:59:39",947,873,848,729,925,767,3,3,3,0,1,1,4
"06/21/2022, 11:59:49",945,872,847,735,928,770,1,0,0,2,2,4,4
"06/21/2022, 11:59:59",985,879,10,406,640,451,3,0,0,3,3,6,4
"06/21/2022, 12:00:09",968,853,843,599,885,731,4,11,2,3,9,2,4
"06/21/2022, 12:00:19",972,860,854,587,873,723,14,3,20,6,2,7,4
"06/21/2022, 12:00:29",976,859,851,580,875,707,5,8,18,3,7,3,4
"06/21/2022, 12:00:39",977,865,854,587,867,719,1,11,13,19,1,7,4
"06/21/2022, 12:00:49",980,868,842,507,848,560,9,22,22,3,3,0,4
"06/21/2022, 12:00:59",966,759,868,656,905,776,3,0,2,1,0,0,4
"06/21/2022, 12:01:09",952,799,851,621,923,733,2,2,0,3,3,6,4
"06/21/2022, 12:01:19",960,861,869,672,933,761,0,3,3,2,2,0,4
"06/21/2022, 12:01:29",949,860,863,733,932,831,1,3,3,3,1,5,4
"06/21/2022, 12:01:39",0,0,0,0,85,0,2,0,2,3,2,4,4
"06/21/2022, 12:01:49",0,0,0,0,81,45,12,19,27,1,9,10,4
"06/21/2022, 12:01:59",0,0,0,0,139,107,11,28,9,22,4,2,4
"06/21/2022, 12:02:09",0,0,0,0,292,137,29,23,4,1,0,2,4
"06/21/2022, 12:02:19",793,4,4,765,717,648,15,22,20,14,8,2,4
"06/21/2022, 12:02:29",598,6,937,820,523,714,19,25,17,18,3,8,4
"06/21/2022, 12:02:39",645,5,945,814,553,715,18,19,1,7,0,1,4
"06/21/2022, 12:02:49",642,6,936,833,554,707,0,2,3,2,2,3,4
"06/21/2022, 12:02:59",489,3,3,655,617,624,0,1,1,3,3,4,4
"06/21/2022, 12:03:09",642,5,979,705,605,636,17,9,24,14,4,10,4
"06/21/2022, 12:03:19",748,7,916,819,905,895,12,23,10,3,2,9,4
"06/21/2022, 12:03:29",788,7,914,803,920,880,5,4,8,7,0,5,4
"06/21/2022, 12:03:39",794,7,927,847,914,892,22,16,20,14,2,7,4
"06/21/2022, 12:03:49",592,7,936,813,896,909,3,21,10,2,2,6,4
"06/21/2022, 12:03:59",671,7,949,827,896,898,2,12,12,3,2,2,4
"06/21/2022, 12:04:09",648,7,944,847,912,902,0,23,26,0,3,2,4
"06/21/2022, 12:04:19",688,7,949,845,905,904,1,0,29,0,2,1,4
"06/21/2022, 12:04:29",707,7,949,834,910,895,1,3,25,2,1,7,4
"06/21/2022, 12:04:39",722,7,953,827,908,895,2,21,14,3,1,6,4
"06/21/2022, 12:04:49",689,5,7,836,896,881,2,7,20,0,2,10,4
"06/21/2022, 12:04:59",490,5,4,866,936,859,0,13,7,0,1,10,4
"06/21/2022, 12:05:09",908,7,932,879,812,726,2,7,9,2,0,0,4
"06/21/2022, 12:05:19",763,6,931,831,812,159,3,2,3,0,2,2,4
"06/21/2022, 12:05:29",586,6,949,950,851,605,1,1,2,2,2,8,4
"06/21/2022, 12:05:39",630,6,951,952,848,641,2,1,2,2,2,5,4
"06/21/2022, 12:05:49",654,6,954,959,852,644,0,2,0,3,3,6,4
"06/21/2022, 12:05:59",324,5,850,956,827,468,0,0,2,0,2,9,4
"06/21/2022, 12:06:09",492,6,951,916,886,666,0,3,1,0,3,10,4
"06/21/2022, 12:06:19",524,6,950,924,897,655,3,0,3,2,0,10,4
"06/21/2022, 12:06:29",601,6,947,957,740,669,0,0,1,3,3,8,4
"06/21/2022, 12:06:39",479,6,945,887,895,605,2,1,0,1,3,7,4
"06/21/2022, 12:06:49",499,6,979,827,929,646,2,26,11,24,6,1,4
"06/21/2022, 12:06:59",588,6,961,907,884,659,6,0,3,5,7,7,4
"06/21/2022, 12:07:09",534,6,960,853,904,671,28,23,7,16,2,8,4
"06/21/2022, 12:07:19",556,6,982,879,870,593,28,8,14,9,5,1,4
"06/21/2022, 12:07:29",542,5,978,600,776,476,10,10,3,25,1,1,4
"06/21/2022, 12:07:39",615,6,979,851,755,534,0,1,15,17,0,4,4
"06/21/2022, 12:07:49",490,5,978,786,876,616,14,16,28,5,7,6,4
"06/21/2022, 12:07:59",591,6,981,806,734,537,25,4,0,5,3,7,4
"06/21/2022, 12:08:09",481,6,967,881,832,680,21,8,2,8,4,0,4
"06/21/2022, 12:08:19",535,5,974,680,721,559,3,5,1,6,3,1,4
"06/21/2022, 12:08:29",379,5,939,325,897,662,0,4,7,5,8,1,4
"06/21/2022, 12:08:39",459,5,946,536,792,571,10,18,5,3,7,8,4
"06/21/2022, 12:08:49",426,5,941,370,908,677,1,7,4,6,7,4,4
"06/21/2022, 12:08:59",430,5,935,390,894,640,6,1,0,5,3,4,4
"06/21/2022, 12:09:09",456,5,959,418,905,644,23,28,6,3,7,10,4
"06/21/2022, 12:09:20",471,5,960,421,891,635,2,13,5,5,1,0,4
"06/21/2022, 12:09:30",471,5,949,429,879,629,21,3,2,3,8,7,4
"06/21/2022, 12:09:40",477,5,960,444,905,641,5,7,6,0,5,2,4
"06/21/2022, 12:09:50",486,5,961,356,903,640,5,1,1,1,1,10,4
"06/21/2022, 12:15:43",,,,,,,1,4,4,1,1,10,4
"06/21/2022, 12:15:53",0,0,0,0,396,161,5,1,2,5,0,0,4
"06/21/2022, 12:16:03",0,0,0,0,408,177,4,4,2,4,5,3,4
"06/21/2022, 12:16:13",0,0,0,0,424,182,5,5,5,3,3,3,4
"06/21/2022, 12:16:23",0,0,0,0,418,162,3,3,0,0,3,10,4
"06/21/2022, 12:16:33",0,0,0,0,418,163,0,0,1,2,2,9,4
"06/21/2022, 12:16:43",0,0,0,0,412,165,0,1,1,4,1,4,4
"06/21/2022, 12:16:53",0,0,0,0,405,174,4,1,5,0,2,1,4
"06/21/2022, 12:17:03",0,0,0,0,404,181,5,1,2,0,5,8,4
"06/21/2022, 12:17:13",2,0,0,0,408,187,1,1,2,2,1,10,4
"06/21/2022, 12:17:23",2,0,0,0,403,195,1,2,4,0,1,8,4
"06/21/2022, 12:17:33",3,0,0,0,403,203,19,3,23,0,4,0,4
"06/21/2022, 12:17:43",0,0,0,0,398,218,9,5,3,18,10,10,4
"06/21/2022, 12:17:53",0,0,0,0,407,238,1,0,3,3,1,8,4
"06/21/2022, 12:18:03",0,0,0,0,408,238,2,0,2,3,3,1,4
"06/21/2022, 12:18:13",0,0,0,0,409,241,1,1,3,3,3,8,4
"06/21/2022, 12:18:23",0,0,0,0,407,239,3,3,3,2,1,4,4
"06/21/2022, 12:18:33",0,0,0,0,412,242,0,2,0,0,2,10,4
"06/21/2022, 12:18:43",980,6,953,403,935,541,0,1,0,1,3,0,4
"06/21/2022, 12:18:53",0,0,0,0,41,0,0,2,0,2,3,6,4
"06/21/2022, 12:19:03",30,0,0,0,272,33,2,3,1,0,0,10,4
"06/21/2022, 12:19:13",946,6,947,747,959,710,2,2,1,0,2,3,4
"06/21/2022, 12:19:23",946,7,953,814,955,738,3,2,0,2,1,10,4
"06/21/2022, 12:19:33",953,7,961,806,940,726,12,25,14,2,0,4,4
"06/21/2022, 12:19:43",943,7,955,851,942,764,1,14,8,14,6,3,4
"06/21/2022, 12:19:53",943,909,919,903,933,784,11,14,8,23,9,9,4
"06/21/2022, 12:20:03",943,917,919,914,945,795,10,30,17,18,0,10,4
"06/21/2022, 12:20:13",943,916,942,902,959,787,6,12,28,24,1,1,4
"06/21/2022, 12:20:23",949,924,931,909,949,789,21,18,14,23,7,6,4
"06/21/2022, 12:20:33",942,928,901,921,931,801,10,30,17,11,2,7,4
"06/21/2022, 12:20:43",950,929,930,913,950,786,6,7,19,7,8,7,4
"06/21/2022, 12:20:53",950,929,939,916,953,796,29,26,14,27,1,8,4
"06/21/2022, 12:21:03",974,701,969,880,962,765,3,10,20,25,0,8,4
"06/21/2022, 12:21:13",974,736,967,863,963,755,11,13,20,18,5,9,4
"06/21/2022, 12:21:23",977,749,969,862,963,758,17,15,28,4,8,7,4
"06/21/2022, 12:21:33",975,751,967,859,963,755,6,22,17,16,0,3,4
"06/21/2022, 12:21:43",981,218,973,871,962,764,4,10,18,3,2,2,4
"06/21/2022, 12:21:53",984,775,975,824,961,724,16,6,0,20,7,1,4
"06/21/2022, 12:22:03",968,824,967,865,961,770,9,0,5,28,7,2,4
"06/21/2022, 12:22:13",966,36,966,875,962,789,4,19,23,22,5,6,4
"06/21/2022, 12:22:23",964,846,969,898,960,801,16,0,18,29,7,10,4
"06/21/2022, 12:22:33",963,848,968,898,962,804,3,0,2,1,2,0,4
"06/21/2022, 12:22:43",962,850,966,911,962,808,3,2,0,3,1,1,4
"06/21/2022, 12:22:53",962,851,966,911,962,809,0,0,1,3,1,7,4
"06/21/2022, 12:23:03",961,840,967,912,963,810,0,0,0,0,0,6,4
"06/21/2022, 12:23:13",961,851,964,919,957,819,3,0,3,0,3,8,4
"06/21/2022, 12:23:23",963,860,964,904,961,815,29,20,0,26,3,8,4
"06/21/2022, 12:23:33",968,868,966,898,959,774,36,6,40,35,8,6,4
"06/21/2022, 12:23:43",967,867,966,899,959,778,15,20,24,6,4,0,4
"06/21/2022, 12:23:53",976,817,978,880,965,759,20,21,7,11,7,6,4
"06/21/2022, 12:24:03",972,857,970,888,962,769,22,22,30,37,8,1,4
"06/21/2022, 12:24:13",968,872,966,899,958,784,25,38,22,34,6,3,4
"06/21/2022, 12:24:23",969,878,966,901,963,791,28,5,40,1,2,6,4
"06/21/2022, 12:24:33",967,877,966,911,962,785,15,19,40,36,9,1,4
"06/21/2022, 12:24:43",963,7,923,863,920,760,25,7,16,29,9,7,4
"06/21/2022, 12:24:53",968,908,940,876,930,779,23,10,10,19,8,6,4
"06/21/2022, 12:25:03",969,907,942,876,932,781,40,5,7,20,10,6,4
"06/21/2022, 12:34:58",950,7,967,877,951,771,18,11,4,3,10,6,5
"06/21/2022, 12:35:08",954,7,970,878,952,774,11,24,2,2,3,10,5
"06/21/2022, 12:35:18",954,7,970,878,952,774,22,2,6,21,2,5,5
"06/21/2022, 12:35:28",955,7,970,877,953,772,28,27,7,29,6,7,5
"06/21/2022, 12:35:38",944,7,969,874,958,795,14,29,30,26,8,7,5
"06/21/2022, 12:35:48",950,7,970,877,955,789,29,6,29,9,5,10,5
"06/21/2022, 12:35:58",952,7,966,887,951,797,2,13,4,26,8,6,5
"06/21/2022, 12:36:08",953,7,967,889,951,798,2,20,2,3,0,2,5
"06/21/2022, 12:36:18",954,7,969,880,953,789,2,16,2,3,0,1,5
"06/21/2022, 12:36:29",952,7,967,888,950,794,1,19,3,2,2,8,5
"06/21/2022, 12:36:39",953,7,967,891,950,796,0,4,0,3,3,10,5
"06/21/2022, 12:36:49",948,7,964,904,947,805,1,0,1,3,2,8,5
"06/21/2022, 12:36:59",947,7,964,906,947,809,2,27,3,2,2,8,5
"06/21/2022, 12:37:09",950,7,964,893,949,815,3,10,2,1,0,0,5
"06/21/2022, 12:37:19",964,6,969,841,947,709,3,2,2,1,1,6,5
"06/21/2022, 12:37:29",966,7,967,865,937,733,0,1,1,2,0,7,5
"06/21/2022, 12:37:39",967,7,967,871,936,733,2,1,0,3,3,0,5
"06/21/2022, 12:37:49",967,7,967,871,937,734,3,3,2,1,1,6,5
"06/21/2022, 12:37:59",967,7,967,869,938,732,1,1,3,2,0,1,5
"06/21/2022, 12:38:09",964,7,979,839,958,730,0,21,16,17,2,6,5
"06/21/2022, 12:38:19",967,7,973,851,944,761,0,13,20,20,1,10,5
"06/21/2022, 12:38:29",969,7,974,803,948,709,0,11,21,14,0,1,5
"06/21/2022, 12:38:39",963,7,972,855,949,760,1,22,16,23,2,2,5
"06/21/2022, 12:38:49",955,7,973,838,954,755,2,17,19,16,2,10,5
"06/21/2022, 12:38:59",955,7,971,843,954,751,3,11,22,14,0,0,5
"06/21/2022, 12:39:09",957,7,971,845,953,753,3,15,12,11,3,3,5
"06/21/2022, 12:39:19",976,4,995,5,971,4,0,3,3,1,3,10,5
"06/21/2022, 12:39:29",942,7,981,820,962,673,3,2,2,1,0,3,5
"06/21/2022, 12:39:39",947,7,982,819,963,680,1,0,1,0,2,2,5
"06/21/2022, 12:39:49",951,6,983,813,962,662,0,2,3,1,3,1,5
"06/21/2022, 12:39:59",952,6,982,814,962,669,0,1,1,2,1,2,5
"06/21/2022, 12:40:09",955,7,983,809,963,661,2,1,3,3,2,2,5
"06/21/2022, 12:40:19",955,7,982,829,959,679,2,3,2,2,3,0,5
"06/21/2022, 12:40:29",956,7,980,844,958,691,2,7,20,19,0,8,5
"06/21/2022, 12:40:39",957,6,981,838,958,682,0,29,25,4,5,5,5
"06/21/2022, 12:40:49",62,848,314,1001,357,921,17,5,10,22,2,0,5
"06/21/2022, 12:40:59",955,7,935,906,941,767,9,18,21,30,10,1,5
"06/21/2022, 12:41:09",961,7,943,913,948,766,10,0,19,5,6,6,5
"06/21/2022, 12:41:19",963,7,949,915,946,770,3,0,1,2,1,0,5
"06/21/2022, 12:41:29",964,7,953,915,946,772,2,2,1,0,2,4,5
"06/21/2022, 12:41:39",961,7,949,920,943,790,1,3,2,1,1,1,5
"06/21/2022, 12:41:49",964,7,950,923,944,786,3,3,2,2,1,7,5
"06/21/2022, 12:41:59",964,7,955,917,949,780,1,1,1,1,3,4,5
"06/21/2022, 12:42:09",965,7,954,921,949,795,22,26,18,21,1,8,5
"06/21/2022, 12:42:19",965,7,954,923,950,800,17,12,19,30,7,9,5
"06/21/2022, 12:42:29",965,7,955,923,950,799,10,25,23,26,3,10,5
"06/21/2022, 12:42:39",961,7,953,914,949,860,6,16,24,20,7,4,5
"06/21/2022, 12:42:49",966,7,961,910,940,754,11,29,14,4,8,10,5
"06/21/2022, 12:42:59",967,7,963,911,941,756,6,7,25,15,5,4,5
"06/21/2022, 12:43:09",953,29,915,887,938,714,2,0,0,0,3,5,5
"06/21/2022, 12:43:19",958,10,928,884,924,711,3,2,3,2,1,2,5
"06/21/2022, 12:43:29",958,16,932,897,924,709,6,1,1,5,1,8,5
"06/21/2022, 12:43:39",961,923,941,872,926,646,1,0,30,4,5,3,5
"06/21/2022, 12:43:49",960,927,938,894,919,693,25,0,22,29,5,9,5
"06/21/2022, 12:43:59",968,6,960,885,932,624,15,5,22,3,5,9,5
"06/21/2022, 12:44:09",941,687,974,796,951,466,1,6,21,2,1,6,5
"06/21/2022, 12:44:19",943,7,964,897,942,701,3,5,22,0,2,10,5
"06/21/2022, 12:44:29",954,6,938,841,943,638,0,4,29,1,2,0,5
"06/21/2022, 12:44:39",962,11,944,878,933,682,2,9,22,1,0,8,5
"06/21/2022, 12:44:49",963,19,945,884,934,686,1,28,3,3,2,7,5
"06/21/2022, 12:44:59",966,11,954,875,928,651,1,2,26,3,2,5,5
"06/21/2022, 12:45:09",952,6,976,838,963,595,3,9,23,0,3,1,5
"06/21/2022, 12:45:19",975,6,975,782,946,500,1,22,15,2,3,2,5
"06/21/2022, 12:45:29",973,7,957,873,937,617,0,29,9,2,3,7,5
"06/21/2022, 12:45:39",970,6,970,799,937,535,0,0,1,0,0,10,5
"06/21/2022, 12:45:49",976,7,961,856,938,608,1,0,3,0,2,8,5
"06/21/2022, 12:45:59",975,6,962,874,940,636,2,0,1,0,2,7,5
"06/21/2022, 12:46:09",947,6,985,854,953,570,0,2,2,3,1,7,5
"06/21/2022, 12:46:19",925,7,967,897,946,665,2,2,1,3,1,8,5
"06/21/2022, 12:46:29",924,7,964,910,948,683,0,1,3,0,1,4,5
"06/21/2022, 12:46:39",925,7,963,913,947,686,2,2,1,0,2,5,5
"06/21/2022, 12:46:49",928,7,965,915,944,683,1,1,2,1,3,4,5
"06/21/2022, 12:46:59",929,7,971,886,948,631,0,2,1,0,2,8,5
"06/21/2022, 12:47:09",967,7,950,897,924,665,27,2,26,16,2,8,5
"06/21/2022, 12:47:19",754,6,965,897,953,655,6,1,0,10,2,8,5
"06/21/2022, 12:47:29",835,6,965,920,958,694,0,18,25,14,1,3,5
"06/21/2022, 12:47:39",842,6,963,925,957,703,7,11,27,13,10,8,5
"06/21/2022, 12:47:49",921,6,957,907,948,618,17,19,3,3,5,4,5
"06/21/2022, 12:47:59",926,7,958,905,949,624,6,15,29,16,10,3,5
"06/21/2022, 12:48:09",933,7,960,910,943,635,27,18,15,27,10,4,5
"06/21/2022, 12:48:19",952,7,966,925,940,667,18,13,2,3,3,0,5
"06/21/2022, 12:48:29",932,7,969,923,955,683,24,27,2,7,3,2,5
"06/21/2022, 12:48:39",943,7,969,925,950,708,1,13,8,7,2,6,5
"06/21/2022, 12:48:49",932,6,968,931,951,667,12,12,5,3,5,1,5
"06/21/2022, 12:48:59",937,7,969,931,948,742,19,11,5,0,7,10,5
"06/21/2022, 12:49:09",938,7,969,929,950,735,1,8,6,1,6,4,5
"06/21/2022, 12:49:19",936,7,969,931,951,739,27,25,3,6,3,6,5
"06/21/2022, 12:49:29",940,7,969,931,951,671,15,28,5,4,2,4,5
"06/21/2022, 12:49:39",938,6,968,935,950,675,1,21,8,6,5,7,5
"06/21/2022, 12:49:49",934,7,968,933,952,673,13,13,3,8,7,4,5
"06/21/2022, 12:49:59",931,7,970,932,958,672,19,10,7,6,5,0,5
"06/21/2022, 12:50:09",928,7,970,930,958,668,1,1,4,4,5,0,5
"06/21/2022, 12:50:19",934,6,972,925,959,656,1,1,0,2,4,10,5
"06/21/2022, 12:50:29",931,7,970,930,958,668,4,1,3,0,4,3,5
"06/21/2022, 12:50:39",933,6,971,927,959,664,2,2,1,2,4,3,5
"06/21/2022, 12:50:49",933,7,972,921,959,655,5,4,4,2,0,2,5
"06/21/2022, 12:50:59",976,6,981,805,953,526,0,2,4,4,0,10,5
"06/21/2022, 12:51:09",957,4,999,4,982,5,5,5,1,0,0,8,5
"06/21/2022, 12:51:19",979,7,974,844,945,695,2,4,4,2,0,4,5
"06/21/2022, 12:51:29",978,6,972,832,945,717,2,1,1,1,4,8,5
"06/21/2022, 12:51:39",977,7,968,848,944,724,5,2,5,1,5,2,5
"06/21/2022, 12:51:49",969,7,964,821,946,753,0,1,1,2,0,9,5
"06/21/2022, 12:51:59",967,7,977,904,952,771,2,2,3,2,0,0,5
"06/21/2022, 12:52:09",557,3,979,97,964,117,20,22,10,25,3,2,5
"06/21/2022, 12:52:19",709,6,880,926,893,864,6,23,7,30,2,2,5
"06/21/2022, 12:52:29",743,7,929,939,917,856,0,1,0,2,2,1,5
"06/21/2022, 12:52:39",723,7,881,940,869,867,3,1,3,2,3,9,5
"06/21/2022, 12:52:49",4,0,0,0,0,0,0,1,1,2,0,8,5
"06/21/2022, 12:52:59",0,0,0,0,0,0,0,0,2,2,2,6,5
"06/21/2022, 12:53:09",0,0,0,0,2,0,2,1,2,0,3,4,5
"06/21/2022, 12:53:19",0,0,0,0,176,59,3,0,2,2,2,5,5
"06/21/2022, 12:53:29",0,0,0,0,53,0,0,2,0,1,2,8,5
"06/21/2022, 12:53:39",0,0,0,0,189,62,0,3,3,3,2,7,5
"06/21/2022, 12:53:49",0,0,0,0,275,68,2,3,0,3,0,1,5
"06/21/2022, 12:53:59",0,0,0,0,337,68,3,2,2,0,3,7,5
"06/21/2022, 12:54:09",0,0,0,0,353,68,19,16,1,23,4,4,5
"06/21/2022, 12:54:19",0,0,0,0,360,68,4,10,16,6,9,0,5
"06/21/2022, 12:54:29",0,0,0,0,361,88,23,21,14,5,5,9,5
"06/21/2022, 12:54:39",0,0,0,0,365,86,26,27,12,8,9,9,5
"06/21/2022, 13:12:26",986,901,898,884,946,905,4,24,1,28,3,8,6
"06/21/2022, 13:12:36",983,950,823,894,939,907,10,13,0,19,0,5,6
"06/21/2022, 13:12:46",984,950,823,894,939,907,29,3,27,13,1,0,6
"06/21/2022, 13:12:56",984,953,824,880,940,857,16,1,12,2,1,7,6
"06/21/2022, 13:13:06",983,948,823,896,939,908,29,22,6,8,7,5,6
"06/21/2022, 13:13:16",983,947,825,894,940,908,2,26,14,2,4,0,6
"06/21/2022, 13:13:26",984,912,826,896,941,909,29,0,18,15,5,2,6
"06/21/2022, 13:13:36",984,912,826,896,941,910,3,27,0,3,3,8,6
"06/21/2022, 13:13:46",983,911,825,895,941,909,0,5,0,0,2,9,6
"06/21/2022, 13:13:56",984,912,826,895,940,909,3,13,3,3,0,6,6
"06/21/2022, 13:14:06",983,912,826,895,941,909,1,12,1,0,2,0,6
"06/21/2022, 13:14:16",985,868,795,906,924,871,3,7,2,2,1,5,6
"06/21/2022, 13:14:26",986,930,913,819,918,892,0,23,1,3,2,9,6
"06/21/2022, 13:14:36",986,930,913,826,919,894,2,11,1,1,2,1,6
"06/21/2022, 13:14:46",986,931,913,831,918,875,1,27,3,1,3,2,6
"06/21/2022, 13:14:56",986,910,911,820,915,890,1,15,3,1,3,8,6
"06/21/2022, 13:15:06",986,911,913,827,919,892,2,0,3,1,1,6,6
"06/21/2022, 13:15:16",986,916,907,833,914,889,0,1,0,1,0,8,6
"06/21/2022, 13:15:26",986,915,912,830,918,895,1,3,1,2,1,1,6
"06/21/2022, 13:15:36",986,915,914,823,920,885,3,11,11,20,0,2,6
"06/21/2022, 13:15:46",987,915,914,826,920,893,2,13,16,17,3,0,6
"06/21/2022, 13:15:57",985,916,905,835,917,896,1,21,11,15,1,2,6
"06/21/2022, 13:16:07",991,938,849,895,907,890,2,17,18,16,2,9,6
"06/21/2022, 13:16:17",973,19,948,912,950,924,1,20,14,17,0,2,6
"06/21/2022, 13:16:27",976,22,947,904,949,921,1,16,10,25,1,0,6
"06/21/2022, 13:16:37",979,923,947,901,949,917,2,23,20,23,0,2,6
"06/21/2022, 13:16:47",980,926,947,902,949,917,2,0,2,3,0,3,6
"06/21/2022, 13:16:57",982,947,937,901,953,916,3,3,0,1,3,9,6
"06/21/2022, 13:17:07",981,920,941,902,953,922,1,2,0,2,3,4,6
"06/21/2022, 13:17:17",981,941,939,905,953,922,0,1,1,3,1,6,6
"06/21/2022, 13:17:27",982,933,11,877,961,914,3,3,3,3,3,5,6
"06/21/2022, 13:17:37",963,960,901,934,928,925,1,1,0,1,1,5,6
"06/21/2022, 13:17:47",967,941,908,925,944,927,2,0,2,0,2,6,6
"06/21/2022, 13:17:57",968,935,16,921,946,927,16,20,0,18,5,7,6
"06/21/2022, 13:18:07",969,906,30,921,945,927,21,10,14,21,10,8,6
"06/21/2022, 13:18:17",970,926,18,920,947,923,5,8,2,29,9,9,6
"06/21/2022, 13:18:27",970,930,27,919,945,925,20,16,6,20,6,8,6
"06/21/2022, 13:18:37",972,964,907,921,941,905,29,14,1,5,5,10,6
"06/21/2022, 13:18:47",979,957,890,917,947,899,2,1,1,1,0,9,6
"06/21/2022, 13:18:57",979,957,907,920,949,915,2,0,2,2,2,3,6
"06/21/2022, 13:19:07",977,937,919,926,945,926,1,2,0,2,3,3,6
"06/21/2022, 13:19:17",976,942,918,926,945,926,3,3,0,3,1,4,6
"06/21/2022, 13:19:27",980,964,894,921,942,934,1,1,0,1,2,3,6
"06/21/2022, 13:19:37",984,962,905,913,942,925,14,10,25,16,6,0,6
"06/21/2022, 13:19:47",983,960,909,906,942,924,23,9,20,30,0,4,6
"06/21/2022, 13:19:57",977,947,909,904,954,930,7,0,19,15,8,2,6
"06/21/2022, 13:20:07",979,939,906,885,951,917,6,24,13,3,1,1,6
"06/21/2022, 13:20:17",980,941,909,887,953,918,3,29,16,23,10,7,6
"06/21/2022, 13:20:27",977,949,871,905,962,913,12,12,3,12,7,7,6
"06/21/2022, 13:20:37",983,947,886,894,961,926,0,1,0,0,2,0,6
"06/21/2022, 13:20:47",984,894,895,886,962,927,2,2,0,1,3,8,6
"06/21/2022, 13:20:57",984,920,892,900,961,932,26,29,2,30,9,6,6
"06/21/2022, 13:21:07",978,924,888,884,965,930,12,7,24,26,9,4,6
"06/21/2022, 13:21:17",984,946,831,900,943,901,3,12,7,10,1,10,6
"06/21/2022, 13:21:27",984,944,832,901,945,904,8,4,14,1,5,9,6
"06/21/2022, 13:21:37",978,51,915,923,932,812,0,27,12,0,3,6,6
"06/21/2022, 13:21:47",978,946,918,924,936,888,3,17,16,1,3,6,6
"06/21/2022, 13:21:57",978,947,916,924,937,890,3,30,22,0,1,8,6
"06/21/2022, 13:22:07",979,945,916,923,937,892,1,11,28,3,2,10,6
"06/21/2022, 13:22:17",979,936,890,926,940,894,0,12,18,3,3,9,6
"06/21/2022, 13:22:27",987,956,824,909,944,873,2,22,16,2,0,9,6
"06/21/2022, 13:22:37",986,958,828,911,943,880,0,26,28,0,0,6,6
"06/21/2022, 13:22:47",986,957,830,910,944,881,1,28,9,2,2,3,6
"06/21/2022, 13:22:57",987,958,826,911,944,880,3,7,4,3,0,9,6
"06/21/2022, 13:23:07",987,957,830,910,945,876,1,3,2,2,3,2,6
"06/21/2022, 13:23:17",987,957,830,910,945,877,3,0,2,1,3,10,6
"06/21/2022, 13:23:27",989,54,967,936,915,903,1,0,3,0,3,2,6
"06/21/2022, 13:23:37",983,963,960,917,911,863,2,3,1,0,1,3,6
"06/21/2022, 13:23:47",984,961,961,923,915,878,1,1,1,1,3,1,6
"06/21/2022, 13:23:57",985,962,961,924,917,879,1,2,1,1,3,1,6
"06/21/2022, 13:24:07",983,960,956,920,913,885,2,2,0,0,2,9,6
"06/21/2022, 13:24:17",984,960,957,920,917,889,2,2,0,3,0,2,6
"06/21/2022, 13:24:27",984,960,958,918,919,889,2,0,1,1,0,4,6
"06/21/2022, 13:24:37",985,961,959,919,921,889,22,10,27,25,1,1,6
"06/21/2022, 13:24:47",985,31,960,924,922,887,30,21,24,8,6,6,6
"06/21/2022, 13:24:57",980,893,953,928,921,866,5,5,28,9,6,1,6
"06/21/2022, 13:25:07",976,904,951,913,928,898,29,26,3,6,9,5,6
"06/21/2022, 13:25:17",978,916,952,914,932,900,29,24,6,0,7,6,6
"06/21/2022, 13:25:27",978,916,951,911,934,898,8,7,16,26,10,0,6
"06/21/2022, 13:25:37",976,891,949,917,932,900,29,23,22,9,9,3,6
"06/21/2022, 13:25:47",954,872,980,946,931,884,18,14,5,4,4,0,6
"06/21/2022, 13:25:57",964,918,975,938,915,853,7,0,6,8,6,5,6
"06/21/2022, 13:26:07",0,0,0,0,0,0,28,22,5,6,1,8,6
"06/21/2022, 13:26:17",0,0,0,0,0,0,13,20,2,4,4,10,6
"06/21/2022, 13:26:27",1,0,0,0,0,104,18,28,4,6,1,0,6
"06/21/2022, 13:26:37",61,0,0,0,200,176,0,13,5,8,8,5,6
"06/21/2022, 13:26:47",82,0,0,18,296,210,27,18,5,4,8,0,6
"06/21/2022, 13:26:57",85,0,0,48,327,238,22,14,3,2,8,8,6
"06/21/2022, 13:27:07",199,2,1,637,314,643,29,14,0,2,1,3,6
"06/21/2022, 13:27:17",5,0,0,0,210,156,27,28,1,1,6,0,6
"06/21/2022, 13:27:27",372,24,544,398,734,652,19,7,6,0,5,7,6
"06/21/2022, 13:27:37",398,41,589,232,838,385,2,4,3,5,3,9,6
"06/21/2022, 13:27:47",0,0,0,0,37,0,2,0,0,3,1,8,6
"06/21/2022, 13:27:57",0,0,0,0,163,225,0,5,1,5,1,3,6
"06/21/2022, 13:28:07",313,3,419,427,470,976,3,1,3,1,2,0,6
"06/21/2022, 13:28:17",323,3,436,419,503,978,4,5,0,4,0,4,6
"06/21/2022, 13:28:27",344,3,453,439,515,990,2,2,2,2,1,8,6
"06/21/2022, 13:28:37",349,3,462,427,512,992,3,5,3,1,0,8,6
"06/21/2022, 13:28:47",366,2,463,594,426,997,3,1,0,2,1,3,6
"06/21/2022, 13:28:57",360,3,454,439,503,988,0,1,0,5,3,9,6
"06/21/2022, 13:29:07",361,3,462,454,497,988,0,4,2,5,5,3,6
"06/21/2022, 13:29:17",364,2,455,447,501,977,5,3,3,1,1,1,6
"06/21/2022, 13:29:27",334,2,432,404,518,993,2,0,0,5,2,8,6
"06/21/2022, 13:29:37",363,3,458,439,529,992,20,1,13,24,7,7,6
"06/21/2022, 13:29:47",364,3,458,442,531,993,12,8,24,8,0,3,6
"06/21/2022, 13:29:57",373,3,468,514,533,997,2,2,0,1,3,1,6
"06/21/2022, 13:30:07",371,319,477,535,531,1003,2,3,2,1,3,0,6
"06/21/2022, 13:30:17",105,232,138,368,409,973,3,0,0,1,1,1,6
"06/21/2022, 13:30:27",100,230,108,242,327,988,2,2,2,3,2,8,6
"06/21/2022, 13:30:37",76,207,1,307,301,986,2,1,1,2,3,3,6
"06/21/2022, 13:30:47",83,214,8,334,399,988,0,0,3,3,0,4,6
"06/21/2022, 13:30:57",247,297,316,498,502,986,0,1,3,2,3,4,6
"06/21/2022, 13:31:07",269,292,349,503,508,988,2,3,2,2,0,8,6
"06/21/2022, 13:31:17",272,302,332,492,509,989,3,0,2,0,1,8,6
"06/21/2022, 13:31:27",273,305,353,493,517,985,2,1,1,2,2,8,6
"06/21/2022, 13:31:37",281,306,358,505,519,988,26,9,2,10,10,8,6
"06/21/2022, 13:31:47",263,283,332,426,500,991,15,27,30,25,0,10,6
"06/21/2022, 13:31:57",149,225,236,353,516,987,5,8,27,18,1,2,6
"06/21/2022, 13:32:07",216,246,288,411,521,986,10,20,16,12,4,8,6
"06/21/2022, 13:42:26",135,80,475,581,697,943,13,4,3,14,1,0,7
"06/21/2022, 13:42:36",137,87,476,583,701,944,8,2,1,7,3,0,7
"06/21/2022, 13:42:46",139,90,476,583,700,945,9,5,13,8,5,0,7
"06/21/2022, 13:42:56",149,99,476,586,703,943,14,9,14,6,5,0,7
"06/21/2022, 13:43:06",141,97,477,585,691,944,4,10,10,8,2,5,7
"06/21/2022, 13:43:16",153,96,482,586,696,944,15,11,2,8,5,4,7
"06/21/2022, 13:43:26",158,76,484,586,700,945,1,14,6,1,3,3,7
"06/21/2022, 13:43:36",162,77,485,589,700,945,10,11,8,15,2,3,7
"06/21/2022, 13:43:46",163,85,485,588,701,945,1,15,15,12,3,0,7
"06/21/2022, 13:43:56",152,83,478,586,696,946,5,5,15,11,2,1,7
"06/21/2022, 13:44:06",148,77,477,594,680,953,9,9,1,8,4,3,7
"06/21/2022, 13:44:16",171,309,500,722,677,948,1,1,8,3,4,3,7
"06/21/2022, 13:44:26",178,310,503,726,687,946,12,12,15,8,0,4,7
"06/21/2022, 13:44:36",185,311,512,721,688,950,5,4,14,13,2,3,7
"06/21/2022, 13:44:46",189,315,510,722,690,952,12,1,10,1,1,3,7
"06/21/2022, 13:44:56",190,314,513,723,690,953,15,10,5,7,0,3,7
"06/21/2022, 13:45:06",193,311,516,727,691,952,9,8,2,13,0,2,7
"06/21/2022, 13:45:16",323,332,2,737,784,901,12,9,13,5,3,5,7
"06/21/2022, 13:45:26",317,342,3,748,724,943,2,4,9,2,1,2,7
"06/21/2022, 13:45:36",274,321,241,718,675,941,6,9,2,13,2,2,7
"06/21/2022, 13:45:46",282,324,246,730,680,945,8,4,5,12,1,1,7
"06/21/2022, 13:45:56",278,323,285,710,670,945,9,1,6,11,1,0,7
"06/21/2022, 13:46:06",242,312,278,683,620,961,7,1,11,7,2,3,7
"06/21/2022, 13:46:16",261,2,358,946,68,964,6,4,1,14,5,5,7
"06/21/2022, 13:46:26",383,3,571,816,578,954,8,5,11,7,2,4,7
"06/21/2022, 13:46:36",394,4,601,848,580,966,8,11,7,8,0,1,7
"06/21/2022, 13:46:46",409,3,584,876,509,962,6,14,13,5,2,4,7
"06/21/2022, 13:46:56",419,4,570,864,514,969,8,7,2,11,4,4,7
"06/21/2022, 13:47:06",423,4,583,866,523,971,1,10,12,15,2,0,7
"06/21/2022, 13:47:16",428,4,586,867,530,971,5,3,7,9,5,4,7
"06/21/2022, 13:47:26",430,3,590,860,534,972,2,4,3,6,5,1,7
"06/21/2022, 13:47:36",433,3,591,852,537,973,10,15,8,10,3,2,7
"06/21/2022, 13:47:46",437,4,593,861,535,975,14,6,2,0,0,4,7
"06/21/2022, 13:47:56",409,2,471,883,426,978,13,4,0,11,1,2,7
"06/21/2022, 13:48:06",332,3,427,866,416,984,5,14,2,13,5,1,7
"06/21/2022, 13:48:16",358,2,466,884,434,983,10,5,0,10,0,5,7
"06/21/2022, 13:48:26",386,3,499,873,448,982,9,3,3,13,3,5,7
"06/21/2022, 13:48:36",392,3,505,867,452,984,5,3,8,12,1,3,7
"06/21/2022, 13:48:46",407,3,560,888,513,981,14,5,13,3,3,1,7
"06/21/2022, 13:48:56",402,2,525,898,484,985,1,1,12,15,5,0,7
"06/21/2022, 13:49:06",432,3,545,883,589,972,0,1,1,7,2,3,7
"06/21/2022, 13:49:16",421,3,42,903,538,977,11,5,4,5,5,3,7
"06/21/2022, 13:49:26",118,3,184,820,263,987,11,2,13,1,4,2,7
"06/21/2022, 13:49:36",124,2,362,719,436,988,8,14,15,4,1,3,7
"06/21/2022, 13:49:46",126,3,400,622,508,986,12,12,3,10,0,0,7
"06/21/2022, 13:49:56",129,3,391,700,476,985,14,13,15,5,3,0,7
"06/21/2022, 13:50:06",166,3,468,699,543,989,10,5,10,15,3,2,7
"06/21/2022, 13:50:16",183,2,480,640,568,953,0,1,5,1,5,3,7
"06/21/2022, 13:50:26",216,3,505,633,590,953,11,7,7,9,0,5,7
"06/21/2022, 13:50:36",244,3,513,639,603,949,1,3,6,13,3,2,7
"06/21/2022, 13:50:46",247,3,505,633,595,952,2,13,11,9,4,0,7
"06/21/2022, 13:50:56",246,3,506,634,595,953,4,6,4,10,3,1,7
"06/21/2022, 13:51:06",241,3,506,610,593,954,6,12,9,13,5,2,7
"06/21/2022, 13:51:16",243,3,507,640,590,955,11,2,8,3,0,2,7
"06/21/2022, 13:51:26",270,3,506,706,604,964,2,3,6,7,5,4,7
"06/21/2022, 13:51:36",293,3,492,685,598,964,15,12,0,14,0,1,7
"06/21/2022, 13:51:46",294,3,500,689,597,964,9,15,4,7,2,2,7
"06/21/2022, 13:51:56",389,2,2,564,601,944,8,11,6,6,2,2,7
"06/21/2022, 13:52:06",388,351,23,914,847,919,15,5,0,12,1,4,7
"06/21/2022, 13:52:16",415,348,4,919,863,915,6,12,4,0,1,4,7
"06/21/2022, 13:52:26",387,294,23,819,861,928,9,15,13,9,5,1,7
"06/21/2022, 13:52:36",392,300,34,821,863,928,3,9,2,4,5,4,7
"06/21/2022, 13:52:46",396,302,608,821,863,928,5,10,10,6,1,1,7
"06/21/2022, 13:52:56",386,318,3,828,882,886,1,13,12,3,3,4,7
"06/21/2022, 13:53:06",389,317,3,820,880,907,13,1,5,4,4,0,7
"06/21/2022, 13:53:16",394,329,4,846,877,914,15,11,10,15,2,5,7
"06/21/2022, 13:53:26",398,327,2,846,882,912,9,9,11,2,0,2,7
"06/21/2022, 13:53:36",409,326,4,828,887,907,8,6,12,9,5,1,7
"06/21/2022, 13:53:46",411,328,5,827,888,907,4,14,3,4,5,4,7
"06/21/2022, 13:53:56",363,1,16,2,980,518,2,7,7,8,1,4,7
"06/21/2022, 13:54:06",389,1,22,120,963,706,10,14,14,12,5,0,7
"06/21/2022, 13:54:16",424,3,644,550,876,910,0,12,1,12,4,4,7
"06/21/2022, 13:54:26",428,3,647,546,877,913,1,9,10,7,2,0,7
"06/21/2022, 13:54:36",413,3,608,581,832,928,2,0,4,8,2,5,7
"06/21/2022, 13:54:46",423,3,629,523,875,913,7,7,7,10,2,3,7
"06/21/2022, 13:54:56",417,2,49,522,869,918,0,15,3,9,5,1,7
"06/21/2022, 13:55:06",385,3,16,664,811,933,1,2,2,1,3,1,7
"06/21/2022, 13:55:16",395,3,16,682,815,928,0,0,0,2,3,3,7
"06/21/2022, 13:55:26",395,3,16,691,817,929,0,2,2,1,5,4,7
"06/21/2022, 13:55:36",397,3,22,694,822,928,2,1,0,1,2,0,7
"06/21/2022, 13:55:46",0,0,0,0,0,102,0,2,1,1,3,1,7
"06/21/2022, 13:55:56",0,0,0,0,0,227,2,2,0,0,1,3,7
"06/21/2022, 13:56:06",0,0,0,0,0,291,2,2,1,1,2,5,7
"06/21/2022, 13:56:16",0,0,0,0,61,306,2,0,1,1,0,5,7
"06/21/2022, 13:56:26",0,0,0,0,122,356,0,2,2,2,2,1,7
"06/21/2022, 13:56:36",0,0,0,0,125,374,1,2,0,1,5,3,7
"06/21/2022, 13:56:46",0,0,0,0,126,380,2,2,0,1,1,4,7
"06/21/2022, 13:56:56",0,0,0,0,149,388,2,2,2,2,1,5,7
"06/21/2022, 13:57:06",0,0,0,0,146,386,2,2,2,1,0,2,7
"06/21/2022, 14:24:56",895,5,896,797,928,780,15,8,14,26,3,3,8
"06/21/2022, 14:25:06",898,5,895,804,928,781,30,26,26,2,1,5,8
"06/21/2022, 14:25:16",898,5,895,804,928,782,9,1,21,20,9,2,8
"06/21/2022, 14:25:26",899,4,895,802,928,784,11,1,7,10,1,7,8
"06/21/2022, 14:25:36",900,5,895,804,928,784,22,19,10,9,8,9,8
"06/21/2022, 14:25:46",900,5,896,803,929,785,7,1,26,29,4,2,8
"06/21/2022, 14:25:56",902,5,897,801,929,785,18,21,21,6,9,4,8
"06/21/2022, 14:26:06",901,5,895,805,928,786,3,25,0,2,3,10,8
"06/21/2022, 14:26:16",884,6,931,797,958,876,3,19,1,0,2,5,8
"06/21/2022, 14:26:26",883,823,901,775,959,896,0,3,1,3,0,10,8
"06/21/2022, 14:26:36",880,774,922,782,957,905,2,7,1,0,3,5,8
"06/21/2022, 14:26:46",879,775,922,786,957,907,1,29,3,3,2,9,8
"06/21/2022, 14:26:56",881,763,923,796,957,908,0,5,3,1,0,9,8
"06/21/2022, 14:27:06",889,797,924,790,958,905,1,18,0,3,0,7,8
"06/21/2022, 14:27:16",888,807,922,810,958,909,3,15,0,0,3,1,8
"06/21/2022, 14:27:26",890,9,918,813,959,910,2,1,0,3,2,6,8
"06/21/2022, 14:27:36",878,803,914,813,959,913,1,3,2,2,1,1,8
"06/21/2022, 14:27:46",881,794,918,806,959,912,0,0,2,0,1,0,8
"06/21/2022, 14:27:56",881,798,919,805,959,911,2,3,3,1,0,6,8
"06/21/2022, 14:28:06",886,840,919,817,960,913,3,12,19,21,3,3,8
"06/21/2022, 14:28:16",909,5,928,830,956,910,0,21,16,17,1,6,8
"06/21/2022, 14:28:26",909,5,926,830,956,912,3,24,24,21,1,0,8
"06/21/2022, 14:28:36",911,5,928,827,957,911,1,19,11,16,1,9,8
"06/21/2022, 14:28:46",912,5,925,836,955,914,2,13,24,18,1,10,8
"06/21/2022, 14:28:56",911,5,929,834,957,910,1,18,15,18,1,5,8
"06/21/2022, 14:29:06",912,5,931,836,956,909,2,23,12,14,1,7,8
"06/21/2022, 14:29:16",880,832,902,836,955,915,0,1,0,0,3,3,8
"06/21/2022, 14:29:26",886,6,906,841,955,916,2,1,0,3,1,2,8
"06/21/2022, 14:29:36",902,6,921,850,957,913,0,2,0,1,2,4,8
"06/21/2022, 14:29:46",901,6,920,854,953,916,2,1,2,1,2,7,8
"06/21/2022, 14:29:56",903,5,925,851,953,916,0,3,1,2,2,1,8
"06/21/2022, 14:30:06",903,5,924,846,955,914,3,3,1,2,1,1,8
"06/21/2022, 14:30:16",904,5,925,847,954,914,0,2,1,1,2,9,8
"06/21/2022, 14:30:26",870,732,954,898,968,923,15,27,30,27,9,4,8
"06/21/2022, 14:30:36",849,841,909,873,793,771,12,13,2,0,2,2,8
"06/21/2022, 14:30:46",834,780,937,845,963,903,5,17,17,5,9,2,8
"06/21/2022, 14:30:56",828,776,903,836,964,904,20,18,26,9,1,2,8
"06/21/2022, 14:31:06",833,810,940,823,966,902,0,20,19,24,0,0,8
"06/21/2022, 14:31:16",827,818,877,856,961,898,3,1,3,2,2,3,8
"06/21/2022, 14:31:26",836,791,873,863,962,901,1,1,3,2,0,0,8
"06/21/2022, 14:31:36",838,828,873,861,963,902,2,2,1,3,0,2,8
"06/21/2022, 14:31:46",838,821,867,865,963,904,0,2,3,0,1,0,8
"06/21/2022, 14:31:56",842,787,868,860,965,905,3,2,3,0,2,6,8
"06/21/2022, 14:32:06",844,775,865,861,965,905,6,6,22,4,3,8,8
"06/21/2022, 14:32:16",843,820,862,866,965,907,30,30,19,26,3,10,8
"06/21/2022, 14:32:26",862,848,932,891,871,760,16,20,27,15,5,9,8
"06/21/2022, 14:32:36",856,856,932,897,879,793,24,9,4,14,5,5,8
"06/21/2022, 14:32:46",861,5,933,894,882,798,14,27,27,28,8,8,8
"06/21/2022, 14:32:56",862,5,932,897,883,778,13,28,2,0,6,7,8
"06/21/2022, 14:33:06",878,896,927,908,859,776,1,1,2,2,2,7,8
"06/21/2022, 14:33:16",897,902,860,909,854,821,0,0,2,1,1,9,8
"06/21/2022, 14:33:26",901,906,852,906,852,822,9,9,14,12,10,1,8
"06/21/2022, 14:33:36",908,910,826,906,852,820,14,20,5,21,0,2,8
"06/21/2022, 14:33:46",846,877,930,856,887,764,24,8,15,30,4,5,8
"06/21/2022, 14:33:56",854,878,877,860,889,791,2,26,8,11,6,8,8
"06/21/2022, 14:34:07",864,890,876,864,892,771,0,0,22,1,2,1,8
"06/21/2022, 14:34:17",872,879,877,884,890,805,1,9,23,1,0,5,8
"06/21/2022, 14:34:27",833,792,966,896,933,833,0,23,1,2,2,7,8
"06/21/2022, 14:34:37",889,921,850,911,852,849,3,12,5,1,0,6,8
"06/21/2022, 14:34:47",908,925,888,883,860,829,2,0,9,0,0,1,8
"06/21/2022, 14:34:57",885,862,946,926,883,864,3,30,16,0,3,9,8
"06/21/2022, 14:35:07",901,893,923,920,885,854,2,3,29,2,0,0,8
"06/21/2022, 14:35:17",902,895,910,916,884,850,1,4,28,1,3,10,8
"06/21/2022, 14:35:27",903,905,921,915,877,845,3,1,7,2,2,3,8
"06/21/2022, 14:35:37",608,947,780,926,515,845,3,2,3,2,1,10,8
"06/21/2022, 14:35:47",8,0,0,0,0,0,1,0,2,3,3,8,8
"06/21/2022, 14:35:57",0,0,0,0,171,0,3,3,0,2,0,9,8
"06/21/2022, 14:36:07",0,0,0,0,272,238,3,1,3,3,0,0,8
"06/21/2022, 14:36:17",86,0,0,15,302,291,0,0,1,2,3,9,8
"06/21/2022, 14:36:27",111,0,0,49,323,317,0,2,2,3,3,9,8
"06/21/2022, 14:36:37",121,0,0,59,346,349,1,2,2,2,1,7,8
"06/21/2022, 14:36:47",126,0,0,66,352,378,1,3,3,1,1,5,8
"06/21/2022, 14:36:57",126,0,0,72,353,357,2,2,3,1,1,10,8
"06/21/2022, 14:37:07",128,0,0,62,355,345,10,30,15,5,4,8,8
"06/21/2022, 14:37:17",128,0,0,64,350,370,12,29,28,18,0,3,8
"06/21/2022, 14:37:27",128,1,0,65,349,386,29,17,20,12,10,7,8
"06/21/2022, 14:37:37",130,3,0,61,358,347,25,14,18,23,0,9,8
"06/21/2022, 14:37:47",132,4,0,58,366,327,25,6,22,27,8,2,8
"06/21/2022, 14:37:57",129,4,0,49,370,324,1,0,17,17,2,3,8
"06/21/2022, 14:38:07",128,4,0,48,370,336,27,26,14,11,3,0,8
"06/21/2022, 14:38:17",133,5,0,45,377,335,22,5,8,1,4,5,8
"06/21/2022, 14:38:27",136,0,0,19,373,321,24,0,5,3,1,2,8
"06/21/2022, 14:38:37",134,0,0,0,373,325,11,23,4,8,7,10,8
"06/21/2022, 14:38:47",133,0,0,0,368,362,3,28,3,8,0,2,8
"06/21/2022, 14:38:57",134,0,0,0,366,358,10,30,6,4,8,9,8
"06/21/2022, 14:39:07",133,0,0,0,369,350,25,22,0,1,8,4,8
"06/21/2022, 14:39:17",126,0,0,0,366,347,26,3,0,3,6,8,8
"06/21/2022, 14:39:27",125,0,0,0,370,348,15,24,7,2,3,6,8
"06/21/2022, 14:39:37",121,0,0,0,369,354,7,1,4,8,2,4,8
"06/21/2022, 14:55:00",885,869,653,962,952,955,14,5,15,7,3,2,9
"06/21/2022, 14:55:10",927,956,661,958,955,954,8,9,3,1,4,3,9
"06/21/2022, 14:55:20",930,943,609,958,955,954,12,4,15,6,2,4,9
"06/21/2022, 14:55:30",932,969,897,958,955,954,3,6,11,3,2,1,9
"06/21/2022, 14:55:40",933,972,896,957,955,954,11,2,3,9,0,5,9
"06/21/2022, 14:55:50",939,972,836,953,957,954,3,0,14,3,5,2,9
"06/21/2022, 14:56:00",937,974,829,957,956,955,6,12,6,5,1,0,9
"06/21/2022, 14:56:10",934,965,884,965,953,962,13,9,1,3,2,1,9
"06/21/2022, 14:56:20",932,959,880,968,953,965,9,13,0,11,5,0,9
"06/21/2022, 14:56:30",943,929,869,942,960,954,11,5,4,10,1,4,9
"06/21/2022, 14:56:40",943,974,888,944,961,954,11,8,7,8,1,3,9
"06/21/2022, 14:56:50",943,972,901,944,961,953,3,0,4,1,4,4,9
"06/21/2022, 14:57:00",942,964,887,947,960,955,2,14,1,0,3,3,9
"06/21/2022, 14:57:10",942,914,873,946,961,954,14,4,8,12,4,0,9
"06/21/2022, 14:57:20",943,969,879,945,961,953,4,3,7,12,5,5,9
"06/21/2022, 14:57:30",948,970,882,947,959,952,14,1,13,13,4,3,9
"06/21/2022, 14:57:40",949,972,883,949,956,953,14,11,1,1,5,2,9
"06/21/2022, 14:57:50",798,912,915,967,964,960,13,15,10,14,2,0,9
"06/21/2022, 14:58:00",162,4,240,1003,701,995,0,12,0,0,2,2,9
"06/21/2022, 14:58:10",914,964,13,961,960,959,10,12,2,8,2,2,9
"06/21/2022, 14:58:21",868,956,16,964,959,963,13,13,12,5,3,1,9
"06/21/2022, 14:58:31",858,928,909,969,963,968,5,4,6,11,0,3,9
"06/21/2022, 14:58:41",937,965,869,951,961,956,12,5,8,12,4,3,9
"06/21/2022, 14:58:51",936,971,868,954,962,956,14,9,11,9,1,2,9
"06/21/2022, 14:59:01",934,969,876,955,961,957,11,7,10,1,5,0,9
"06/21/2022, 14:59:11",939,974,863,955,962,958,1,13,3,4,5,0,9
"06/21/2022, 14:59:21",938,975,922,955,962,958,13,5,6,7,3,1,9
"06/21/2022, 14:59:31",938,974,918,955,962,958,8,12,14,10,1,3,9
"06/21/2022, 14:59:41",919,974,881,959,960,959,8,9,15,4,1,4,9
"06/21/2022, 14:59:51",921,975,893,958,960,959,1,5,14,0,5,5,9
"06/21/2022, 15:00:01",892,967,915,975,961,972,2,1,14,1,1,0,9
"06/21/2022, 15:00:11",898,969,915,973,961,970,13,4,4,7,3,1,9
"06/21/2022, 15:00:21",887,965,913,978,962,975,15,0,11,1,1,3,9
"06/21/2022, 15:00:31",913,972,918,961,961,961,6,9,5,9,0,2,9
"06/21/2022, 15:00:41",908,968,916,970,962,971,2,13,5,6,1,0,9
"06/21/2022, 15:00:51",905,969,915,975,963,975,11,0,6,15,3,0,9
"06/21/2022, 15:01:01",927,973,926,967,963,962,7,12,14,12,5,3,9
"06/21/2022, 15:01:11",873,959,912,979,964,980,5,6,12,13,4,5,9
"06/21/2022, 15:01:21",878,954,914,978,964,979,1,4,2,7,5,3,9
"06/21/2022, 15:01:31",890,964,914,979,963,978,1,12,14,7,0,3,9
"06/21/2022, 15:01:41",892,959,915,978,964,978,12,10,3,8,1,5,9
"06/21/2022, 15:01:51",922,976,900,965,962,968,2,1,8,14,5,2,9
"06/21/2022, 15:02:01",931,976,855,959,959,972,10,11,10,3,3,2,9
"06/21/2022, 15:02:11",934,976,898,957,960,959,4,5,15,9,0,2,9
"06/21/2022, 15:02:21",778,858,16,961,978,979,10,5,10,3,1,1,9
"06/21/2022, 15:02:31",860,892,4,965,984,983,9,3,7,4,5,1,9
"06/21/2022, 15:02:41",927,969,20,956,956,958,8,2,10,10,0,5,9
"06/21/2022, 15:02:51",928,972,912,957,957,959,5,3,6,3,1,5,9
"06/21/2022, 15:03:01",922,972,884,959,959,963,10,2,2,1,0,4,9
"06/21/2022, 15:03:11",929,974,846,957,957,961,8,5,12,8,1,1,9
"06/21/2022, 15:03:21",921,976,899,962,951,964,4,2,10,6,3,0,9
"06/21/2022, 15:03:31",935,977,883,962,957,967,14,14,7,2,4,5,9
"06/21/2022, 15:03:41",926,963,913,962,958,964,7,11,4,9,2,1,9
"06/21/2022, 15:03:51",933,966,832,966,955,967,0,5,0,0,0,1,9
"06/21/2022, 15:04:01",946,978,5,957,966,959,2,7,15,12,1,2,9
"06/21/2022, 15:04:11",943,976,938,957,962,959,13,8,15,5,4,5,9
"06/21/2022, 15:04:21",1,8,18,992,447,999,10,13,1,2,2,2,9
"06/21/2022, 15:04:31",88,49,9,994,535,998,12,10,9,1,5,0,9
"06/21/2022, 15:04:41",182,540,7,995,472,1001,7,12,1,2,3,5,9
"06/21/2022, 15:04:51",777,984,5,978,945,975,14,15,5,6,3,4,9
"06/21/2022, 15:05:01",888,973,5,962,952,962,8,10,9,15,0,4,9
"06/21/2022, 15:05:11",894,975,5,962,954,963,11,3,8,9,5,3,9
"06/21/2022, 15:05:21",898,976,4,962,954,963,0,0,7,12,1,0,9
"06/21/2022, 15:05:31",892,976,5,963,955,964,12,11,8,1,0,4,9
"06/21/2022, 15:05:41",898,977,5,964,955,963,1,0,6,5,5,5,9
"06/21/2022, 15:05:51",929,982,4,951,959,962,13,10,7,15,1,1,9
"06/21/2022, 15:06:01",939,981,5,948,959,960,15,0,6,8,1,5,9
"06/21/2022, 15:06:11",944,980,5,950,962,960,5,2,15,1,1,5,9
"06/21/2022, 15:06:21",943,982,5,950,960,962,11,7,13,12,0,0,9
"06/21/2022, 15:06:31",925,980,5,961,958,964,0,5,6,15,3,5,9
"06/21/2022, 15:06:41",930,977,5,959,960,962,3,15,8,15,3,5,9
"06/21/2022, 15:06:51",934,974,5,951,964,965,3,2,3,5,2,4,9
"06/21/2022, 15:07:01",929,973,5,970,959,968,15,4,10,9,4,1,9
"06/21/2022, 15:07:11",808,963,884,958,873,958,0,0,5,5,2,0,9
"06/21/2022, 15:07:21",0,0,0,23,89,212,0,3,7,11,2,3,9
"06/21/2022, 15:07:31",0,0,6,64,321,336,2,0,7,13,4,1,9
"06/21/2022, 15:07:41",63,0,78,113,350,407,2,0,2,0,2,2,9
"06/21/2022, 15:07:51",88,0,66,126,403,445,1,2,2,1,3,5,9
"06/21/2022, 15:08:01",91,0,18,144,434,449,0,1,1,1,3,0,9
"06/21/2022, 15:08:11",96,0,0,145,440,456,2,0,1,2,5,5,9
"06/21/2022, 15:08:21",102,0,0,147,462,457,0,0,1,0,0,4,9
"06/21/2022, 15:08:31",106,0,0,145,466,453,0,1,0,1,2,4,9
"06/21/2022, 15:08:41",112,0,0,148,471,460,2,1,1,0,4,3,9
"06/21/2022, 15:08:51",117,0,0,149,473,457,0,2,2,1,3,0,9
"06/21/2022, 15:09:01",116,0,0,149,480,445,2,1,2,1,5,1,9
"06/21/2022, 15:09:11",120,8,0,149,485,453,2,2,2,0,4,0,9
"06/21/2022, 15:09:21",119,153,0,148,489,459,0,0,1,1,5,1,9
"06/21/2022, 15:09:31",118,177,0,144,494,455,1,2,1,2,4,1,9
"06/21/2022, 15:09:41",121,180,0,141,495,459,1,1,1,1,0,1,9
"06/22/2022, 09:54:40",417,0,433,812,706,938,18,12,28,6,5,0,10
"06/22/2022, 09:54:50",424,1,436,819,710,941,2,6,13,1,3,9,10
"06/22/2022, 09:55:00",431,0,445,822,712,941,2,18,18,4,9,2,10
"06/22/2022, 09:55:10",433,0,460,827,717,943,13,2,7,15,6,2,10
"06/22/2022, 09:55:20",430,1,466,827,716,943,14,25,16,4,1,1,10
"06/22/2022, 09:55:30",434,0,468,827,715,943,7,25,25,24,10,2,10
"06/22/2022, 09:55:40",434,1,477,828,718,941,24,10,21,4,2,9,10
"06/22/2022, 09:55:50",447,1,491,817,683,934,2,25,2,1,2,1,10
"06/22/2022, 09:56:00",404,1,492,769,736,918,3,18,2,3,0,3,10
"06/22/2022, 09:56:10",418,0,500,779,727,931,3,18,3,3,1,3,10
"06/22/2022, 09:56:20",419,0,506,776,723,930,0,3,0,1,3,0,10
"06/22/2022, 09:56:30",415,0,510,777,719,930,2,25,3,0,2,0,10
"06/22/2022, 09:56:40",416,0,427,773,713,934,2,20,2,2,2,6,10
"06/22/2022, 09:56:50",413,0,409,775,711,943,0,4,1,3,0,9,10
"06/22/2022, 09:57:00",418,1,412,771,721,935,1,21,3,2,3,8,10
"06/22/2022, 09:57:10",398,0,385,736,706,934,0,18,0,2,3,9,10
"06/22/2022, 09:57:20",378,1,371,756,701,967,3,2,0,1,3,9,10
"06/22/2022, 09:57:30",384,1,417,529,774,971,0,0,2,3,3,7,10
"06/22/2022, 09:57:40",321,0,362,489,771,974,1,1,3,2,1,2,10
"06/22/2022, 09:57:50",332,1,409,528,759,975,2,15,11,23,3,10,10
"06/22/2022, 09:58:00",384,0,459,626,783,971,0,14,16,24,2,2,10
"06/22/2022, 09:58:10",376,1,453,593,780,974,3,24,23,12,1,7,10
"06/22/2022, 09:58:20",393,0,366,646,780,973,3,21,21,20,1,7,10
"06/22/2022, 09:58:30",398,1,438,596,786,975,1,13,25,11,1,10,10
"06/22/2022, 09:58:40",393,1,485,626,786,973,1,18,12,19,2,10,10
"06/22/2022, 09:58:50",393,1,499,631,789,972,0,11,22,15,1,1,10
"06/22/2022, 09:59:00",393,1,323,615,784,976,3,2,0,0,3,6,10
"06/22/2022, 09:59:10",407,0,369,627,788,971,3,0,0,3,2,6,10
"06/22/2022, 09:59:20",400,0,4,631,785,973,3,3,3,0,3,3,10
"06/22/2022, 09:59:30",291,0,4,735,571,981,2,1,3,0,3,10,10
"06/22/2022, 09:59:40",392,0,0,730,713,974,1,1,3,3,1,4,10
"06/22/2022, 09:59:50",385,0,0,583,749,976,3,3,0,0,1,9,10
"06/22/2022, 10:00:00",301,0,0,780,646,978,1,1,2,3,0,8,10
"06/22/2022, 10:00:10",366,0,1,572,737,975,29,21,5,0,2,0,10
"06/22/2022, 10:00:20",378,1,0,611,720,976,11,6,3,29,4,6,10
"06/22/2022, 10:00:30",397,1,0,658,747,974,16,6,30,9,6,5,10
"06/22/2022, 10:00:40",399,0,0,644,754,976,25,23,28,3,1,2,10
"06/22/2022, 10:00:50",526,1,1,910,649,928,1,9,28,29,6,3,10
"06/22/2022, 10:01:00",608,1,0,967,761,954,1,1,3,0,3,10,10
"06/22/2022, 10:01:10",569,2,631,934,716,934,1,2,3,0,0,3,10
"06/22/2022, 10:01:20",28,0,0,975,297,984,1,2,2,3,0,2,10
"06/22/2022, 10:01:30",391,0,443,695,704,942,1,2,1,2,0,0,10
"06/22/2022, 10:01:40",412,0,479,703,732,937,2,3,2,2,3,2,10
"06/22/2022, 10:01:50",418,0,482,717,734,942,10,19,25,0,10,2,10
"06/22/2022, 10:02:00",421,1,504,703,741,907,28,2,15,20,3,9,10
"06/22/2022, 10:02:10",426,1,495,696,732,917,28,28,16,30,4,9,10
"06/22/2022, 10:02:20",431,0,490,684,646,867,24,7,17,12,6,7,10
"06/22/2022, 10:02:30",415,0,524,584,685,905,24,3,20,9,5,7,10
"06/22/2022, 10:02:40",404,0,515,550,739,911,4,6,12,19,6,6,10
"06/22/2022, 10:02:51",395,0,506,521,739,936,1,0,0,0,3,4,10
"06/22/2022, 10:03:01",410,0,520,574,755,918,0,2,3,2,2,10,10
"06/22/2022, 10:03:11",409,1,518,576,739,930,25,22,11,14,10,3,10
"06/22/2022, 10:03:21",413,0,523,602,739,935,10,29,1,21,0,8,10
"06/22/2022, 10:03:31",419,1,481,614,697,921,8,30,24,1,6,7,10
"06/22/2022, 10:03:41",411,0,474,488,641,914,9,11,18,26,8,5,10
"06/22/2022, 10:03:51",412,0,523,496,710,921,1,29,14,2,1,10,10
"06/22/2022, 10:04:01",411,0,508,493,720,925,2,25,12,2,3,5,10
"06/22/2022, 10:04:11",410,0,445,465,757,950,3,10,14,3,0,0,10
"06/22/2022, 10:04:21",424,0,476,459,769,945,0,21,10,3,1,8,10
"06/22/2022, 10:04:31",415,0,482,459,753,948,0,27,12,0,0,0,10
"06/22/2022, 10:04:41",420,1,510,580,709,927,0,3,3,3,3,7,10
"06/22/2022, 10:04:51",399,0,445,474,738,948,3,15,14,0,1,8,10
"06/22/2022, 10:05:01",399,1,454,489,735,952,0,2,22,0,1,4,10
"06/22/2022, 10:05:11",390,0,439,466,734,951,1,15,10,1,1,2,10
"06/22/2022, 10:05:21",386,1,435,501,727,954,3,0,2,0,0,0,10
"06/22/2022, 10:05:31",406,0,470,551,736,956,0,3,0,2,0,9,10
"06/22/2022, 10:05:41",0,0,0,284,77,988,2,2,0,0,1,3,10
"06/22/2022, 10:05:51",1,0,0,234,437,1001,2,3,0,3,0,0,10
"06/22/2022, 10:06:01",8,0,0,381,547,971,1,3,0,1,2,6,10
"06/22/2022, 10:06:11",221,1,0,736,564,942,2,3,2,2,1,3,10
"06/22/2022, 10:06:21",221,0,0,676,599,951,0,0,3,3,0,3,10
"06/22/2022, 10:06:31",237,1,1,671,599,955,2,0,3,3,2,4,10
"06/22/2022, 10:06:41",140,1,0,477,615,974,3,3,0,1,0,5,10
"06/22/2022, 10:06:51",194,1,1,540,649,972,23,1,19,3,5,1,10
"06/22/2022, 10:07:01",110,1,0,421,579,982,14,0,0,13,8,10,10
"06/22/2022, 10:07:11",41,0,1,489,504,1003,28,10,18,9,8,7,10
"06/22/2022, 10:07:21",32,0,1,388,503,1002,28,2,17,26,1,1,10
"06/22/2022, 10:07:31",144,0,0,386,624,979,14,10,7,26,0,5,10
"06/22/2022, 10:07:41",184,1,1,635,602,990,8,11,29,27,4,0,10
"06/22/2022, 10:07:51",0,0,0,89,57,1007,27,26,20,13,1,0,10
"06/22/2022, 10:08:01",0,0,0,188,4,1009,11,19,4,5,7,4,10
"06/22/2022, 10:08:11",193,1,1,308,581,943,30,3,3,6,1,9,10
"06/22/2022, 10:08:21",170,1,0,370,597,937,13,13,3,2,0,4,10
"06/22/2022, 10:08:31",198,0,0,398,600,935,1,18,4,5,7,0,10
"06/22/2022, 10:08:41",212,1,1,405,602,939,21,18,1,1,5,7,10
"06/22/2022, 10:08:51",205,1,1,420,576,948,12,16,7,6,8,6,10
"06/22/2022, 10:09:01",243,1,1,438,605,938,17,25,3,4,8,7,10
"06/22/2022, 10:09:11",282,1,1,450,630,958,17,26,6,2,5,6,10
"06/22/2022, 10:09:21",286,1,1,473,622,962,3,25,8,5,2,2,10
"06/22/2022, 10:14:41",949,979,924,987,879,916,3,9,1,1,4,2,11
"06/22/2022, 10:14:51",958,950,5,968,921,924,17,4,5,0,6,1,11
"06/22/2022, 10:15:01",960,983,5,980,902,933,3,15,6,7,8,2,11
"06/22/2022, 10:15:11",932,897,978,948,947,916,0,4,16,6,8,4,11
"06/22/2022, 10:15:21",948,926,987,944,947,912,1,11,12,8,4,6,11
"06/22/2022, 10:15:31",917,943,972,975,957,940,19,12,18,2,1,2,11
"06/22/2022, 10:15:41",937,948,984,972,951,936,19,5,15,8,8,6,11
"06/22/2022, 10:15:51",916,948,6,984,947,956,6,16,13,0,0,4,11
"06/22/2022, 10:16:01",965,973,972,980,912,933,4,0,6,1,3,4,11
"06/22/2022, 10:16:11",967,957,971,967,929,923,12,1,4,2,6,1,11
"06/22/2022, 10:16:21",967,954,957,968,930,924,20,2,2,6,2,6,11
"06/22/2022, 10:16:31",967,951,948,968,930,926,2,7,13,1,2,3,11
"06/22/2022, 10:16:41",785,3,807,270,992,260,12,4,8,4,0,5,11
"06/22/2022, 10:16:51",957,962,970,956,915,933,18,17,4,1,3,3,11
"06/22/2022, 10:17:01",971,932,981,969,923,920,17,10,7,1,0,7,11
"06/22/2022, 10:17:11",971,982,977,972,915,931,13,6,5,7,8,0,11
"06/22/2022, 10:17:21",971,978,976,973,916,936,8,7,13,3,4,0,11
"06/22/2022, 10:17:31",964,968,976,971,924,938,12,7,9,8,0,1,11
"06/22/2022, 10:17:41",968,953,977,966,922,938,0,4,1,2,4,0,11
"06/22/2022, 10:17:51",968,946,977,968,921,936,4,0,1,4,0,4,11
"06/22/2022, 10:18:01",969,969,977,969,914,936,2,2,0,4,4,0,11
"06/22/2022, 10:18:11",968,970,973,973,923,937,4,2,4,0,1,2,11
"06/22/2022, 10:18:21",969,942,976,972,923,937,0,3,3,3,4,3,11
"06/22/2022, 10:18:31",974,964,982,975,920,934,1,4,1,3,4,3,11
"06/22/2022, 10:18:41",968,939,977,971,923,942,0,0,1,3,3,1,11
"06/22/2022, 10:18:51",969,941,979,972,921,940,4,2,1,2,2,0,11
"06/22/2022, 10:19:01",970,930,978,972,921,942,2,4,3,0,0,3,11
"06/22/2022, 10:19:11",969,960,979,972,920,942,3,0,4,0,1,4,11
"06/22/2022, 10:19:21",973,980,980,978,923,946,4,2,1,0,0,0,11
"06/22/2022, 10:19:31",971,973,979,976,914,940,1,1,0,0,4,4,11
"06/22/2022, 10:19:41",971,972,979,976,919,941,0,2,4,4,1,3,11
"06/22/2022, 10:19:51",970,972,976,978,916,943,4,4,3,3,2,0,11
"06/22/2022, 10:20:01",970,972,978,977,923,944,3,4,0,1,0,2,11
"06/22/2022, 10:20:11",970,965,979,976,925,945,2,3,1,2,3,3,11
"06/22/2022, 10:20:21",970,967,977,977,924,945,2,3,1,1,2,0,11
"06/22/2022, 10:20:31",971,966,979,977,918,942,3,2,0,2,4,1,11
"06/22/2022, 10:20:41",971,965,983,975,926,939,3,0,4,3,4,0,11
"06/22/2022, 10:20:51",970,961,980,973,917,940,3,4,1,2,2,4,11
"06/22/2022, 10:21:01",971,961,980,974,919,941,3,3,2,2,0,3,11
"06/22/2022, 10:21:11",971,958,980,972,926,944,0,0,4,0,1,0,11
"06/22/2022, 10:21:21",972,961,981,975,924,946,3,2,3,1,1,2,11
"06/22/2022, 10:21:31",970,960,981,973,933,946,1,0,4,0,3,1,11
"06/22/2022, 10:21:41",972,961,981,976,916,942,1,2,1,1,0,2,11
"06/22/2022, 10:21:51",970,963,977,978,919,945,4,3,1,0,2,1,11
"06/22/2022, 10:22:01",972,962,982,976,918,940,4,2,4,2,2,0,11
"06/22/2022, 10:22:11",973,960,982,974,923,943,1,0,1,4,0,2,11
"06/22/2022, 10:22:21",972,961,979,977,915,943,1,0,4,4,4,0,11
"06/22/2022, 10:22:32",973,967,978,972,904,939,3,4,1,4,1,4,11
"06/22/2022, 10:22:42",973,966,978,973,905,941,4,4,3,0,4,2,11
"06/22/2022, 10:22:52",973,962,976,974,900,941,0,4,2,0,3,1,11
"06/22/2022, 10:23:02",973,959,977,974,906,945,12,14,14,0,8,2,11
"06/22/2022, 10:23:12",973,959,978,973,912,947,17,13,10,4,1,8,11
"06/22/2022, 10:23:22",973,960,979,972,908,945,11,6,5,1,1,4,11
"06/22/2022, 10:23:32",973,960,979,971,906,946,18,6,11,3,6,5,11
"06/22/2022, 10:23:42",973,961,979,971,910,948,19,12,11,4,6,6,11
"06/22/2022, 10:23:52",973,971,972,982,889,942,0,17,15,7,4,7,11
"06/22/2022, 10:24:02",971,969,974,975,895,941,10,20,20,3,0,6,11
"06/22/2022, 10:24:12",971,967,974,977,908,945,20,6,15,4,7,4,11
"06/22/2022, 10:24:22",972,936,966,981,872,944,2,19,9,3,5,5,11
"06/22/2022, 10:24:32",970,971,977,962,923,942,19,12,20,0,2,8,11
"06/22/2022, 10:24:42",976,979,973,968,905,943,12,7,4,8,5,6,11
"06/22/2022, 10:24:52",978,980,973,968,904,944,9,2,1,2,4,2,11
"06/22/2022, 10:25:02",976,979,974,967,908,942,2,11,9,7,8,8,11
"06/22/2022, 10:25:12",975,980,975,969,916,943,2,1,12,1,2,2,11
"06/22/2022, 10:25:22",975,973,975,967,922,941,1,2,3,1,8,5,11
"06/22/2022, 10:25:32",975,978,972,972,914,941,1,10,3,1,3,7,11
"06/22/2022, 10:25:42",970,972,977,968,921,942,9,3,18,7,1,1,11
"06/22/2022, 10:25:52",970,956,975,969,926,947,9,18,7,7,3,2,11
"06/22/2022, 10:26:02",974,961,962,981,875,946,8,2,2,6,8,7,11
"06/22/2022, 10:26:12",925,864,832,996,819,956,20,14,19,0,3,6,11
"06/22/2022, 10:26:22",932,962,955,967,934,951,0,14,0,8,2,0,11
"06/22/2022, 10:26:32",952,965,965,960,933,949,10,12,3,1,0,8,11
"06/22/2022, 10:26:42",957,968,963,960,933,950,5,7,12,5,4,4,11
"06/22/2022, 10:26:52",953,972,960,981,930,964,3,15,13,3,6,1,11
"06/22/2022, 10:27:02",943,974,962,975,928,955,13,3,10,6,1,2,11
"06/22/2022, 10:27:12",959,965,880,956,947,950,15,1,13,8,2,0,11
"06/22/2022, 10:27:22",947,956,961,973,924,955,0,10,11,8,3,4,11
"06/22/2022, 10:27:32",599,969,624,999,591,968,17,13,1,5,7,3,11
"06/22/2022, 10:27:42",661,977,4,1000,632,980,6,19,1,0,5,2,11
"06/22/2022, 10:27:52",958,970,965,962,932,950,11,14,10,2,4,2,11
"06/22/2022, 10:28:02",955,960,915,971,943,954,16,3,5,4,0,4,11
"06/22/2022, 10:28:12",939,969,961,974,941,966,16,5,9,6,4,1,11
"06/22/2022, 10:28:22",959,968,976,962,941,955,18,14,13,4,2,3,11
"06/22/2022, 10:28:32",959,976,957,957,858,879,19,11,16,0,3,6,11
"06/22/2022, 10:28:42",912,972,968,977,936,928,5,15,19,1,4,7,11
"06/22/2022, 10:28:52",946,981,973,973,934,915,1,9,10,1,6,4,11
"06/22/2022, 10:29:02",948,970,977,960,939,912,20,11,18,3,6,1,11
"06/22/2022, 10:29:12",947,961,978,968,942,943,10,1,13,0,0,0,11
"06/22/2022, 10:29:22",938,971,973,969,939,938,1,11,0,2,5,0,11
"06/22/2022, 10:53:07",640,0,1,940,952,958,1,5,5,0,3,5,12
"06/22/2022, 10:53:17",640,1,820,938,950,958,3,9,9,12,3,4,12
"06/22/2022, 10:53:27",709,1,867,944,942,964,1,8,11,5,0,3,12
"06/22/2022, 10:53:37",722,1,852,931,943,967,7,10,2,5,3,4,12
"06/22/2022, 10:53:47",595,0,905,901,960,953,3,11,2,4,5,3,12
"06/22/2022, 10:53:57",645,0,917,915,956,957,11,2,11,3,4,1,12
"06/22/2022, 10:54:07",516,1,915,923,959,961,9,14,3,9,2,4,12
"06/22/2022, 10:54:17",520,1,915,919,961,960,14,2,8,7,4,5,12
"06/22/2022, 10:54:27",505,1,913,918,963,960,6,10,9,1,1,1,12
"06/22/2022, 10:54:37",519,0,915,923,961,962,5,8,5,10,0,5,12
"06/22/2022, 10:54:47",518,1,914,923,961,963,12,3,5,14,3,4,12
"06/22/2022, 10:54:57",575,0,914,928,960,961,4,13,11,10,0,2,12
"06/22/2022, 10:55:07",887,1,948,942,934,947,3,0,1,1,1,1,12
"06/22/2022, 10:55:17",536,0,883,902,964,976,12,12,1,9,5,0,12
"06/22/2022, 10:55:27",542,0,835,882,961,970,11,3,6,9,0,4,12
"06/22/2022, 10:55:37",593,1,886,928,961,967,7,1,10,3,3,3,12
"06/22/2022, 10:55:47",514,0,826,913,939,976,13,14,15,13,2,3,12
"06/22/2022, 10:55:57",589,1,883,933,962,966,5,7,1,6,0,5,12
"06/22/2022, 10:56:07",596,0,862,936,963,966,0,15,12,1,2,0,12
"06/22/2022, 10:56:17",581,1,885,935,963,970,5,7,8,13,2,0,12
"06/22/2022, 10:56:27",578,1,859,933,961,969,4,2,12,5,0,1,12
"06/22/2022, 10:56:37",583,0,892,932,963,969,5,3,9,0,0,0,12
"06/22/2022, 10:56:47",594,0,891,934,963,968,7,15,8,3,5,1,12
"06/22/2022, 10:56:57",591,1,901,933,961,970,11,13,6,1,0,4,12
"06/22/2022, 10:57:07",604,1,908,934,963,967,13,9,13,3,2,1,12
"06/22/2022, 10:57:17",593,1,863,931,963,968,8,12,7,1,0,1,12
"06/22/2022, 10:57:27",588,1,893,940,960,968,0,10,8,7,3,0,12
"06/22/2022, 10:57:37",605,0,892,942,963,967,6,7,7,1,0,3,12
"06/22/2022, 10:57:47",607,0,891,942,963,967,2,2,11,14,5,3,12
"06/22/2022, 10:57:57",595,1,866,933,947,975,13,8,8,0,0,5,12
"06/22/2022, 10:58:07",604,0,859,936,956,971,2,10,0,14,5,5,12
"06/22/2022, 10:58:17",618,0,896,942,959,969,13,10,13,13,3,2,12
"06/22/2022, 10:58:27",616,0,899,942,960,968,12,2,3,6,2,0,12
"06/22/2022, 10:58:37",532,0,850,922,948,972,4,15,8,1,2,0,12
"06/22/2022, 10:58:47",617,0,894,942,961,968,11,3,4,7,3,1,12
"06/22/2022, 10:58:57",615,0,894,943,957,969,14,6,11,5,1,2,12
"06/22/2022, 10:59:07",578,0,855,920,957,971,8,9,10,15,3,3,12
"06/22/2022, 10:59:17",577,1,883,929,962,979,0,14,12,6,4,0,12
"06/22/2022, 10:59:27",599,1,901,934,964,969,15,3,5,4,2,3,12
"06/22/2022, 10:59:37",599,1,904,934,963,969,1,12,5,8,4,5,12
"06/22/2022, 10:59:47",593,0,904,937,966,974,5,8,13,0,4,3,12
"06/22/2022, 10:59:57",682,1,892,950,958,966,3,8,9,8,2,4,12
"06/22/2022, 11:00:07",703,0,886,948,959,963,7,9,1,5,3,0,12
"06/22/2022, 11:00:17",732,1,900,951,958,964,8,11,4,14,3,1,12
"06/22/2022, 11:00:27",675,1,841,942,952,973,8,2,4,3,0,0,12
"06/22/2022, 11:00:37",691,0,894,947,956,966,10,6,15,0,3,4,12
"06/22/2022, 11:00:47",700,1,907,948,955,962,9,6,1,12,1,1,12
"06/22/2022, 11:00:57",680,0,915,942,959,961,8,8,6,1,1,0,12
"06/22/2022, 11:01:07",690,1,916,945,959,962,5,5,7,9,1,4,12
"06/22/2022, 11:01:17",732,0,893,949,956,966,3,15,11,1,0,4,12
"06/22/2022, 11:01:27",644,1,916,949,961,965,4,8,2,2,2,3,12
"06/22/2022, 11:01:37",654,1,916,948,959,966,7,14,14,2,0,4,12
"06/22/2022, 11:01:47",658,0,916,948,960,966,15,8,13,7,5,3,12
"06/22/2022, 11:01:57",653,1,916,947,960,966,10,5,10,7,2,2,12
"06/22/2022, 11:02:07",650,5,917,946,961,965,8,4,15,3,5,2,12
"06/22/2022, 11:02:17",651,3,918,946,962,966,14,11,6,2,4,5,12
"06/22/2022, 11:02:27",657,13,919,946,962,966,13,2,8,3,4,0,12
"06/22/2022, 11:02:37",668,16,917,947,961,965,5,4,4,1,2,3,12
"06/22/2022, 11:02:47",666,36,918,947,961,965,3,9,8,4,5,5,12
"06/22/2022, 11:02:57",666,65,918,947,962,965,1,9,7,4,4,5,12
"06/22/2022, 11:03:07",671,67,918,947,961,965,6,10,15,3,2,3,12
"06/22/2022, 11:03:17",650,11,0,956,919,964,11,13,4,11,3,2,12
"06/22/2022, 11:03:27",810,0,652,965,921,958,8,0,8,0,4,2,12
"06/22/2022, 11:03:37",716,1,899,963,942,968,3,8,6,6,2,2,12
"06/22/2022, 11:03:47",702,1,898,962,945,968,5,2,3,2,2,4,12
"06/22/2022, 11:03:57",699,0,898,962,944,968,5,9,7,15,1,5,12
"06/22/2022, 11:04:07",701,1,895,964,942,969,0,0,10,8,5,0,12
"06/22/2022, 11:04:17",695,0,898,962,944,969,10,9,0,3,0,1,12
"06/22/2022, 11:04:27",693,1,898,962,945,970,2,11,7,14,0,0,12
"06/22/2022, 11:04:37",699,1,899,963,945,969,1,2,13,5,1,1,12
"06/22/2022, 11:04:47",695,1,898,962,944,969,4,0,8,5,4,0,12
"06/22/2022, 11:04:57",693,0,898,962,946,969,13,4,13,9,0,1,12
"06/22/2022, 11:05:07",694,1,895,964,943,969,12,8,5,3,4,3,12
"06/22/2022, 11:05:17",689,0,895,963,943,970,6,3,7,14,3,0,12
"06/22/2022, 11:05:27",677,1,880,963,941,970,7,2,12,4,5,0,12
"06/22/2022, 11:05:37",682,0,890,964,943,969,14,2,8,13,2,0,12
"06/22/2022, 11:05:47",681,0,890,963,943,969,2,1,1,1,0,5,12
"06/22/2022, 11:05:57",684,1,891,963,944,969,2,1,0,2,5,5,12
"06/22/2022, 11:06:07",669,0,885,965,948,967,0,1,1,2,0,3,12
"06/22/2022, 11:06:17",669,0,888,964,949,968,1,1,1,1,1,0,12
"06/22/2022, 11:06:27",656,0,886,964,949,968,1,2,1,1,5,2,12
"06/22/2022, 11:06:37",759,1,0,955,957,966,1,2,1,1,2,0,12
"06/22/2022, 11:06:47",740,1,812,960,944,968,0,2,0,2,4,2,12
"06/22/2022, 11:06:57",726,0,811,959,946,969,2,0,2,2,3,1,12
"06/22/2022, 11:07:07",780,0,875,964,943,966,1,0,0,0,0,1,12
"06/22/2022, 11:07:17",713,0,820,965,941,969,2,0,1,0,5,0,12
"06/22/2022, 11:07:27",708,1,839,964,942,970,0,0,0,2,5,0,12
"06/22/2022, 11:07:37",713,1,824,964,941,970,1,1,1,0,1,5,12
"06/22/2022, 11:07:47",711,0,834,964,943,969,1,0,2,2,3,1,12
"06/22/2022, 11:26:22",686,1,920,980,978,965,7,19,11,3,6,3,13
"06/22/2022, 11:26:32",645,1,914,976,980,966,10,14,6,5,4,0,13
"06/22/2022, 11:26:42",656,1,910,979,979,968,15,11,19,3,4,6,13
"06/22/2022, 11:26:52",648,1,906,976,980,965,19,18,2,5,2,8,13
"06/22/2022, 11:27:02",718,0,884,989,975,970,10,11,3,0,7,0,13
"06/22/2022, 11:27:12",630,1,871,973,982,967,10,15,9,0,1,2,13
"06/22/2022, 11:27:22",607,1,878,982,978,971,0,18,16,6,5,6,13
"06/22/2022, 11:27:32",625,1,882,985,974,970,10,5,13,7,6,1,13
"06/22/2022, 11:27:42",683,1,893,981,981,968,13,5,12,5,6,4,13
"06/22/2022, 11:27:52",700,1,884,982,978,966,1,5,9,7,6,8,13
"06/22/2022, 11:28:02",682,1,893,981,976,968,8,10,15,7,2,6,13
"06/22/2022, 11:28:12",653,0,880,976,981,963,10,18,4,5,2,3,13
"06/22/2022, 11:28:22",683,1,894,979,979,964,19,3,8,1,7,7,13
"06/22/2022, 11:28:32",687,1,896,979,979,964,18,9,12,2,6,6,13
"06/22/2022, 11:28:42",697,2,896,980,980,964,6,11,16,6,3,6,13
"06/22/2022, 11:28:52",533,1,804,993,959,973,12,19,14,0,5,3,13
"06/22/2022, 11:29:02",567,1,850,996,953,972,12,12,5,7,6,0,13
"06/22/2022, 11:29:12",589,1,865,991,965,972,16,1,15,8,8,7,13
"06/22/2022, 11:29:22",547,556,833,972,968,975,4,1,4,4,1,0,13
"06/22/2022, 11:29:32",544,541,854,973,967,976,4,1,2,1,4,3,13
"06/22/2022, 11:29:42",602,632,834,980,967,975,0,0,1,3,1,1,13
"06/22/2022, 11:29:52",574,610,839,979,965,978,2,2,0,3,0,2,13
"06/22/2022, 11:30:03",614,609,846,977,967,976,0,0,1,2,3,1,13
"06/22/2022, 11:30:13",667,642,1,969,971,974,4,2,1,1,3,3,13
"06/22/2022, 11:30:23",671,13,757,984,965,973,4,1,0,4,2,1,13
"06/22/2022, 11:30:33",659,715,832,983,964,975,1,4,3,4,2,1,13
"06/22/2022, 11:30:43",675,17,761,985,963,975,1,2,0,4,3,4,13
"06/22/2022, 11:30:53",687,717,854,981,966,975,1,2,2,0,1,4,13
"06/22/2022, 11:31:03",651,66,839,985,969,977,1,4,2,4,4,0,13
"06/22/2022, 11:31:13",671,1,715,986,973,974,4,2,1,0,4,4,13
"06/22/2022, 11:31:23",675,1,745,986,974,974,2,2,2,4,4,3,13
"06/22/2022, 11:31:33",676,1,764,987,973,974,4,4,0,1,4,4,13
"06/22/2022, 11:31:43",624,0,834,989,973,975,4,4,3,1,4,3,13
"06/22/2022, 11:31:53",579,1,827,990,972,978,0,4,0,4,0,1,13
"06/22/2022, 11:32:03",606,0,829,989,973,977,1,2,0,1,0,1,13
"06/22/2022, 11:32:13",616,1,830,990,972,977,2,3,4,1,1,4,13
"06/22/2022, 11:32:23",618,0,749,989,974,975,0,4,4,2,4,1,13
"06/22/2022, 11:32:33",658,57,784,995,941,978,3,0,4,0,2,0,13
"06/22/2022, 11:32:43",592,1,841,984,977,971,0,4,2,2,1,3,13
"06/22/2022, 11:32:53",616,0,837,986,976,970,1,1,3,4,0,1,13
"06/22/2022, 11:33:03",627,0,856,987,976,971,0,0,0,0,0,0,13
"06/22/2022, 11:33:13",675,1,864,988,977,969,0,0,2,1,3,0,13
"06/22/2022, 11:33:23",564,1,836,992,966,973,1,4,4,4,1,0,13
"06/22/2022, 11:33:33",604,1,834,992,967,972,2,3,3,2,4,1,13
"06/22/2022, 11:33:43",613,1,831,992,966,972,4,0,2,4,1,1,13
"06/22/2022, 11:33:53",611,0,820,993,966,973,0,0,2,4,3,3,13
"06/22/2022, 11:34:03",666,1,833,998,965,969,2,1,1,2,1,0,13
"06/22/2022, 11:34:13",666,1,826,999,964,970,3,3,1,0,3,3,13
"06/22/2022, 11:34:23",670,1,829,998,964,970,3,1,1,4,4,0,13
"06/22/2022, 11:34:33",683,1,850,998,965,969,1,1,3,2,1,1,13
"06/22/2022, 11:34:43",678,0,868,999,963,968,2,18,15,2,0,6,13
"06/22/2022, 11:34:53",669,1,861,999,962,970,1,2,13,6,4,4,13
"06/22/2022, 11:35:03",680,0,871,997,968,968,6,3,13,2,0,7,13
"06/22/2022, 11:35:13",674,0,874,997,969,970,2,3,18,8,0,1,13
"06/22/2022, 11:35:23",678,1,837,997,971,971,4,19,13,2,7,0,13
"06/22/2022, 11:35:33",660,1,862,998,966,971,17,8,0,1,7,3,13
"06/22/2022, 11:35:43",665,0,817,998,965,971,10,17,11,3,2,2,13
"06/22/2022, 11:35:53",710,79,914,991,952,978,18,5,5,6,3,4,13
"06/22/2022, 11:36:03",761,1,839,995,938,972,17,3,7,1,4,4,13
"06/22/2022, 11:36:13",705,1,851,995,935,977,13,0,6,6,1,1,13
"06/22/2022, 11:36:23",733,1,877,995,935,976,17,4,16,5,4,6,13
"06/22/2022, 11:36:33",740,0,877,996,935,977,9,6,10,6,3,2,13
"06/22/2022, 11:36:43",762,1,857,990,946,972,19,20,0,3,4,3,13
"06/22/2022, 11:36:53",758,1,905,995,972,941,6,0,17,0,5,3,13
"06/22/2022, 11:37:03",717,2,885,999,972,954,0,16,9,2,4,6,13
"06/22/2022, 11:37:13",746,1,870,1001,965,946,11,5,17,4,0,1,13
"06/22/2022, 11:37:23",595,1,873,1001,961,955,0,20,0,2,8,4,13
"06/22/2022, 11:37:33",515,560,714,975,983,974,17,18,16,6,3,3,13
"06/22/2022, 11:37:43",819,840,964,990,977,928,13,7,0,2,1,3,13
"06/22/2022, 11:37:53",910,902,940,994,830,940,15,5,2,7,4,5,13
"06/22/2022, 11:38:03",863,884,887,1006,779,952,1,2,4,4,8,3,13
"06/22/2022, 11:38:13",877,897,926,998,814,944,2,14,7,5,7,3,13
"06/22/2022, 11:38:23",856,909,912,1003,801,951,7,20,11,5,7,8,13
"06/22/2022, 11:38:33",705,934,831,1007,629,954,11,13,10,4,4,3,13
"06/22/2022, 11:38:43",882,931,681,1001,788,948,6,19,18,3,1,1,13
"06/22/2022, 11:38:53",712,1,743,989,973,968,12,14,0,0,3,6,13
"06/22/2022, 11:39:03",617,719,935,981,976,970,15,6,17,4,6,2,13
"06/22/2022, 11:39:13",489,0,906,966,979,965,13,3,20,3,1,2,13
"06/22/2022, 11:39:23",744,0,0,956,982,956,19,5,11,8,7,7,13
"06/22/2022, 11:39:33",822,1,949,976,958,974,0,19,16,4,0,3,13
"06/22/2022, 11:39:43",750,1,941,988,965,975,7,18,4,8,8,7,13
"06/22/2022, 11:39:53",799,1,945,999,940,974,9,16,18,2,4,6,13
"06/22/2022, 11:40:03",892,1,943,974,915,944,0,7,10,1,2,4,13
"06/22/2022, 11:40:13",870,1,965,974,964,969,8,16,1,4,3,7,13
"06/22/2022, 11:40:23",822,59,936,989,951,930,0,12,1,7,7,3,13
"06/22/2022, 11:40:33",714,231,919,1002,954,955,5,2,16,8,3,6,13
"06/22/2022, 11:40:43",583,668,944,966,985,973,4,16,10,4,5,2,13
"06/22/2022, 11:40:53",802,1,671,927,988,943,11,3,6,8,1,7,13
"06/22/2022, 11:41:03",820,4,935,936,984,950,11,9,0,5,4,3,13